date,open,high,low,close,volume,amount,factor
2021-04-06,25.41625727147954,26.26406108551199,25.40287217633885,26.19266700744629,6488117,169941088.0863514,1.0
2021-04-07,26.192666327616635,26.31760596098881,25.79107551191809,26.01418113708496,6798577,176859413.55241966,1.0
2021-04-08,25.951709138576845,26.728120540931386,25.898165310133813,26.68349838256836,7789211,207843399.11998367,1.0
2021-04-09,26.62102925305079,26.75935570822056,25.65274924484887,26.152507781982425,7987099,208882668.752964,1.0
2021-04-12,26.103427642195697,26.103427642195697,25.4831928066942,25.594745635986328,4188322,107199036.23160551,1.0
2021-04-13,25.96063500528784,26.22836278515921,25.46087648286128,25.764301300048828,5445311,140294633.27647018,1.0
2021-04-14,25.95617338802152,27.12971219895212,25.74645286163644,27.11632537841797,10976053,297630224.5187607,1.0
2021-04-15,27.44206155182876,27.45544837291824,26.41131084784911,27.31266021728516,11086715,302807679.7208786,1.0
2021-04-16,27.47775844592852,27.77672157670861,27.23234087322865,27.66516876220703,8438242,233445388.98634332,1.0
2021-04-19,27.598237866082783,28.16938879030007,27.218957240799696,28.11138153076172,8591830,241528211.1774445,1.0
2021-04-20,28.646832804375105,29.115357714563004,27.73209837885298,28.374643325805664,17188309,487712137.2487354,1.0
2021-04-21,27.95966623910736,28.65129678335292,27.95966623910736,28.18277359008789,6775637,190956243.4996224,1.0
2021-04-22,28.45942583604685,29.329541603204955,28.191699766454928,29.217987060546875,11171532,326409677.4224853,1.0
2021-04-23,29.267069932618668,29.51248577578724,28.780698218562925,28.999343872070312,8113295,235280231.6405487,1.0
2021-04-26,28.82532061753222,29.22691146171535,28.08014618870431,28.11138153076172,11496099,323171225.10440826,1.0
2021-04-27,28.10691827026525,28.758388362714,28.057834410616305,28.504047393798828,6626246,188874830.0269699,1.0
2021-04-28,28.548666665722106,28.88778851912114,28.27647718857173,28.42372703552246,6395719,181790171.05190468,1.0
2021-04-29,28.42372650403461,28.69145427802768,28.129226815639928,28.361257553100582,5648543,160199782.82276344,1.0
2021-04-30,28.11584010117699,28.61113691642568,28.06675797025688,28.28986358642578,3983987,112706448.76009367,1.0
2021-05-06,28.316638807746376,29.204601404029194,28.29432858872317,28.994882583618164,10186047,295343236.75621605,1.0
2021-05-07,29.11535778457611,29.11535778457611,28.28093910217285,28.28093910217285,6644119,187901924.8265896,1.0
2021-05-10,28.321101175805303,28.463889333819903,27.526842909846863,28.214008331298828,7817658,220567467.94324493,1.0
2021-05-11,28.178312168718872,28.959183589835263,28.057834232525423,28.669145584106445,7438278,213249074.8770561,1.0
2021-05-12,28.669145584106445,28.669145584106445,28.669145584106445,28.669145584106445,0,0.0,1.0
2021-05-13,28.55759421254895,28.55759421254895,26.80844096724687,27.4152889251709,10461632,286808663.9088135,1.0
2021-05-14,27.5759252687429,27.5759252687429,26.460395364182617,26.884296417236328,11232783,301985467.76249313,1.0
2021-05-17,27.018157202554285,28.45942376965546,26.89768099778415,28.356794357299805,11001378,311963813.5929222,1.0
2021-05-18,28.325562948346743,28.463889408284142,27.834729516885258,28.120304107666016,6144223,172777419.265316,1.0
2021-05-19,28.12922847453311,28.41926648196479,27.76333469149539,27.897197723388672,4290272,119686566.27111816,1.0
2021-05-20,28.022139431660094,28.11138203485616,27.62947197759742,27.70979118347168,4898804,135744835.8887558,1.0
2021-05-21,27.76333513632781,28.236320042856665,27.17433398937016,27.611621856689453,9549708,263682926.1378021,1.0
2021-05-24,27.339430520668067,29.36077307211193,27.263574748961734,29.222448348999023,16126167,471246082.2248325,1.0
2021-05-25,29.445553305622123,29.847144097645128,29.27153154960968,29.766826629638672,8200668,244107862.6032257,1.0
2021-05-26,29.74451811692287,29.989933958992456,29.298303415352542,29.32507705688477,4775909,140053899.44166946,1.0
2021-05-27,29.351851186805103,29.74451861184461,29.04842463237,29.530336380004883,5824375,171995752.95329094,1.0
2021-05-28,29.521410279235365,30.052402385870185,29.27153103164416,29.423242568969727,5849461,172110109.90072823,1.0
2021-05-31,29.65527362612023,29.860532456707872,29.173365341252385,29.62849998474121,6362123,188500161.2084217,1.0
2021-06-01,29.64635228967455,29.744520013558336,29.039502604197448,29.44109344482422,5723551,168507599.8272171,1.0
2021-06-02,29.56603347788738,29.56603347788738,28.660220689084625,28.82978248596192,6584968,189843195.11701965,1.0
2021-06-03,28.91456043402336,29.1822882130226,28.352332961122663,28.42372703552246,4692836,133387889.48647308,1.0
2021-06-04,28.33448723752996,28.62452351822744,27.88827425569637,27.990901947021484,6685948,187145714.8908844,1.0
2021-06-07,28.28094103984036,28.9948818381929,27.97305450204971,28.91010093688965,6151303,177834790.6233921,1.0
2021-06-08,28.91009900170119,29.04396375542941,28.17831145836988,28.46834945678711,6085815,173253108.14935684,1.0
2021-06-09,29.01424046801946,29.055327512586896,28.23356042333513,28.79705810546875,5430107,156371106.7979126,1.0
2021-06-10,28.397913034544167,29.430992380199047,28.397913034544167,29.26076889038086,11710898,342669879.8768234,1.0
2021-06-11,29.26076719623892,30.340805345925137,28.861622966403,29.701000213623047,16187480,480784346.9380188,1.0
2021-06-15,29.935792597982044,30.37602566396503,29.272510580325708,29.33707618713379,12273027,360054728.14575005,1.0
2021-06-16,29.67165340227508,29.82426491620112,28.95554072716098,29.21381187438965,7067253,206461399.61071587,1.0
2021-06-17,29.114024395803227,29.64230510306386,28.697271653245608,29.53077888488769,5981202,176629553.72784805,1.0
2021-06-18,29.80665703858415,29.84774582949281,29.26076958932602,29.50143051147461,6106361,180146384.7194786,1.0
2021-06-21,29.34881607976331,29.73035186595936,29.11402522976425,29.507299423217773,6723813,198401563.45672417,1.0
2021-06-22,29.278376206556608,29.64230347822987,28.691400003811072,28.75009727478028,6559333,188581461.80767632,1.0
2021-06-23,28.75009707189568,29.27837599994404,28.309865796206537,28.826404571533203,6856224,197640286.8570557,1.0
2021-06-24,28.8146668950734,28.990758711197905,28.26290764760828,28.6914005279541,5992367,171929401.70749474,1.0
2021-06-25,28.63270436458835,28.949671043107035,28.45661254164546,28.6209659576416,6097770,174524067.58752823,1.0
2021-06-28,28.66792343178473,29.90644327049264,28.574007442419067,29.65991401672364,9218788,273428459.4184036,1.0
2021-06-29,29.6599136551959,30.19406094736026,29.47208167875408,29.877094268798828,6690367,199888725.5518608,1.0
2021-06-30,29.877094268798828,30.18819261714952,29.448601371803715,29.877094268798828,6128244,183094123.6902008,1.0
2021-07-01,30.98648033611423,32.86480354504951,30.96300002977061,32.4128303527832,24498032,794050555.1930542,1.0
2021-07-02,32.166303577847685,33.663094628458545,31.99021174591248,32.7004508972168,19446841,635920469.2264824,1.0
2021-07-05,33.46938852865273,34.32637430764867,32.98807018902124,34.156150817871094,18016411,615371251.3127518,1.0
2021-07-06,34.156148935943165,34.53768468439392,33.45764653194096,33.903751373291016,12588727,426805070.3142357,1.0
2021-07-07,34.250068419625734,34.255936749711296,33.2404676381019,33.745269775390625,10970548,370204101.8438721,1.0
2021-07-08,34.2089768155636,34.2089768155636,32.70044584399397,33.269813537597656,11161909,371354631.1536331,1.0
2021-07-09,33.34025540323725,33.38721252548018,31.919773637694902,32.45978927612305,13504846,438364455.3664932,1.0
2021-07-12,32.81784573468098,34.26767602717822,32.27195482158345,34.16202163696289,17077568,583404247.5227051,1.0
2021-07-13,34.5611625264706,35.07183298288393,33.63374283742599,34.57290267944336,11001809,380364471.85482407,1.0
2021-07-14,34.19137673742941,34.707915619352185,33.80984090703245,34.18550491333008,8162104,279025646.3951111,1.0
2021-07-15,34.16202256663127,34.98378788402818,33.92722998090813,34.625732421875,11713674,405594541.6010742,1.0
2021-07-16,35.10118278697883,35.96404039602359,34.63160110381539,35.224449157714844,12385701,436279495.1571579,1.0
2021-07-19,35.21857616877708,35.27140511063726,33.76287754012358,35.2479248046875,13334591,470016660.8692627,1.0
2021-07-20,34.93096280885187,35.453373488163,34.09158891517184,35.394676208496094,12730932,450607215.9723816,1.0
2021-07-21,35.38880159610489,36.656671818944055,34.80769717597115,35.952301025390625,10130039,364198211.526947,1.0
2021-07-22,35.86424970425491,36.14599940384944,35.28314531515812,35.811424255371094,7545457,270213561.8276596,1.0
2021-07-23,35.54728874522646,36.686024386346965,35.265542493456095,36.157745361328125,8084281,292309373.8274231,1.0
2021-07-26,36.42188208660865,36.79167421434182,35.21270915979855,36.198829650878906,8787434,318094826.43434143,1.0
2021-07-27,37.02646818589339,39.82047460174357,36.97951106353269,38.23563766479492,31894780,1219517251.4783478,1.0
2021-07-28,37.49017977665838,40.68920243470023,36.68602286414706,40.00830841064453,25065114,1002812811.259964,1.0
2021-07-29,40.47788418027291,42.9138348682408,38.74043589866355,42.7025260925293,24986250,1066975992.57946,1.0
2021-07-30,41.67531717717621,42.32099064773249,38.43520617859417,39.21001434326172,24619832,965343965.8486938,1.0
2021-08-02,39.21001528702518,41.0824701432341,38.7404371102661,40.31353378295898,19562011,788613791.3111153,1.0
2021-08-03,41.088343136095,42.64969970021131,40.65985024315994,41.95706558227539,17828561,748034103.1145973,1.0
2021-08-04,41.91598209355268,42.878622315124176,40.23722741642052,42.56752395629883,17145474,729840375.2370987,1.0
2021-08-05,42.10968293302602,42.10968293302602,39.914392895640056,40.18440246582031,13086239,525862694.73991394,1.0
2021-08-06,40.72441860596776,41.0179084877342,39.21001905966015,39.35676574707031,10749025,423046858.93440247,1.0
2021-08-09,39.60916187698935,41.18813046621529,39.327412159808524,40.50723648071289,11216838,454363109.4318466,1.0
2021-08-10,39.97895398467112,40.78311078078933,39.71481626787964,40.33700942993164,7479246,301690416.4307785,1.0
2021-08-11,40.33114338200573,40.33114338200573,38.740438182277664,39.44480895996094,9187170,362386165.5326843,1.0
2021-08-12,39.7441650407593,40.47788441633082,39.09848807803647,39.679595947265625,8909635,353530716.837616,1.0
2021-08-13,39.70894849253847,39.70894849253847,38.15346018927744,38.32955551147461,10133393,388408449.5130882,1.0
2021-08-16,38.329556930317,39.20415127104577,37.85997520883178,38.73456954956055,6912737,267761892.10432053,1.0
2021-08-17,38.446946959733054,38.581953478951206,37.21429726915565,37.5371322631836,10228587,383951823.0844803,1.0
2021-08-18,37.52539443325349,38.28846243385328,37.220164438570826,37.91866683959961,6737772,255487331.7091828,1.0
2021-08-19,37.80127476919453,40.25483408117715,37.56648567461283,39.55633163452149,8943260,353762558.4537506,1.0
2021-08-20,39.60329277956091,41.01203435207098,39.03392502589206,40.73615646362305,13693080,557803449.3489075,1.0
2021-08-23,41.21160630912683,42.68491697315261,40.92398826839052,42.6320915222168,14024643,597899863.9424171,1.0
2021-08-24,43.20145618728524,44.21692532777492,42.90796981358785,43.43624877929688,12768858,554631292.7155151,1.0
2021-08-25,43.7590822236072,44.140617988806966,42.573389631604265,43.89408874511719,11115683,487912776.06459045,1.0
2021-08-26,43.50668337551761,44.08191942496236,42.643825808297,42.75535202026367,6383056,272909806.2450561,1.0
2021-08-27,42.73187696264102,43.40690264721244,42.0627265947686,42.5616569519043,6000231,255379773.45418167,1.0
2021-08-30,43.647555125030976,43.65929527793167,40.84768060604345,41.25269317626953,9368269,386466326.6497574,1.0
2021-08-31,41.31726375788103,41.57553315877845,40.38397221795872,41.264434814453125,9427095,389003747.117157,1.0
2021-09-01,41.18225732983843,41.54031279523433,40.10222260350228,41.076602935791016,5998204,246385844.0358734,1.0
2021-09-02,40.865288718914655,43.14275610415831,40.4544043294312,42.75535202026367,9746432,416712131.1015625,1.0
2021-09-03,42.796444793819845,44.17583777496536,42.262297482887774,43.336463928222656,11072539,479844686.96733856,1.0
2021-09-06,42.89623044016668,44.00561733624775,42.66144133693874,43.20732879638672,6623212,286171298.5721741,1.0
2021-09-07,42.91383971121383,43.48907581911346,42.438389672626606,42.696659088134766,5599371,239074434.69498825,1.0
2021-09-08,42.43838772922434,42.57926258451469,41.44052708179569,41.67531967163086,5799028,241676345.68473816,1.0
2021-09-09,41.67531565647296,42.37968637200933,41.4405230892586,41.769229888916016,4317203,180326244.5841179,1.0
2021-09-10,41.25856647076129,42.1331607368335,41.14704025380731,41.93945693969727,5334708,223734756.4518585,1.0
2021-09-13,41.9453297374285,42.07446094778132,39.779384923916986,41.05312347412109,9075945,372595890.729332,1.0
2021-09-14,41.182256971259406,42.403170034117565,40.325271193830496,40.47788619995117,7446918,301435499.344368,1.0
2021-09-15,40.44266728061059,40.97094625247659,39.49176722708407,40.695068359375,5528167,224969133.96704105,1.0
2021-09-16,40.818332039751695,41.46987384978657,39.68546841134424,39.71481704711914,6655306,264314260.1825943,1.0
2021-09-17,39.67959907494048,40.207878045047615,39.386112698799714,39.72068786621094,3110133,123536622.11540222,1.0
2021-09-22,39.32740956214271,40.41918789757704,39.24523547760423,40.20200729370117,3139457,126212473.2122612,1.0
2021-09-23,39.92613008016246,40.56006341940427,39.145450066200624,39.20414733886719,6263754,245565134.7104187,1.0
2021-09-24,39.215885935823785,41.75749450808589,39.08087941960521,40.4133186340332,8014443,323890238.63329697,1.0
2021-09-27,40.8476831037627,41.35835009521382,38.623041010343485,39.02805709838867,8423340,328746594.47914124,1.0
2021-09-28,38.98696668427768,40.084613366534015,38.628911225612136,39.95547866821289,4854119,193948648.1574669,1.0
2021-09-29,39.59155492986912,39.87330465798744,37.44909031616505,37.83649444580078,9154059,346357502.51003265,1.0
2021-09-30,37.736700417745205,39.79698701081032,37.736700417745205,38.74043273925781,6947494,269148924.0133972,1.0
2021-10-08,39.168930637425206,41.01203339495074,38.54086562398041,39.99069595336914,8018928,320682511.5199585,1.0
2021-10-11,39.91438503480786,40.07873667951935,38.611294563555205,38.74043273925781,7877805,305189574.7354889,1.0
2021-10-12,38.851965279537545,39.25110958019672,38.38825536774154,38.71109390258789,4511229,174634609.43507767,1.0
2021-10-13,38.62891261331539,39.1337112716044,38.28259729533868,38.8402214050293,3573760,138805629.6484375,1.0
2021-10-14,38.83435237423984,39.62090073136365,38.446948272347846,39.55633163452149,2738562,108327466.67369844,1.0
2021-10-15,39.714816756043774,41.44052491028836,38.98696570388585,41.02964401245117,7004375,287387012.7797127,1.0
2021-10-18,41.04725689331618,41.37009191906517,39.785254949863074,40.8946418762207,5259231,215074368.28931808,1.0
2021-10-19,40.894641508036415,41.604884147175895,40.32527373063153,41.534446716308594,5433857,225692244.03054047,1.0
2021-10-20,41.64597099377073,45.10325930298391,41.39943825072706,43.02536392211914,14909845,641501507.1473885,1.0
2021-10-21,43.02536561156061,43.36581260937152,42.07446204846991,42.37969207763672,5645451,239252475.0193863,1.0
2021-10-22,42.18598456131711,43.13688804079032,42.10381047735554,42.191856384277344,4070717,171751107.04503632,1.0
2021-10-25,42.26816423683629,42.274032567034354,40.97094539517906,41.67531967163086,6044881,251922348.0519676,1.0
2021-10-26,41.68118581771081,42.15663580961166,40.82420007047907,41.02964401245117,4342075,178153791.52536392,1.0
2021-10-27,41.00616173596243,41.31726005238723,40.44853419407318,40.60701751708984,3864577,156928945.93514252,1.0
2021-10-28,40.70680336602473,41.3524768070977,40.03764962052971,40.30765914916992,4482319,180671786.44984812,1.0
2021-10-29,40.33701315597993,41.16465033393004,40.02004646932963,41.08834457397461,5213178,214200853.9894638,1.0
2021-11-01,39.91438582656168,43.72972911625504,39.91438582656168,40.98855209350586,12401056,508301329.8704834,1.0
2021-11-02,40.97094794613853,42.5440447730699,40.50136972333841,41.77510833740234,9374054,391602121.4106598,1.0
2021-11-03,42.04511082214339,43.51842494515928,41.67531870192765,42.954925537109375,9038079,388230010.443512,1.0
2021-11-04,43.39515806797063,43.39515806797063,42.156636543837166,42.6203498840332,7038847,299998121.92017746,1.0
2021-11-05,42.62034944819965,43.553640955987134,42.338599750356806,42.49121475219727,5292768,224896141.7215576,1.0
2021-11-08,42.27990452787356,42.87862091827908,41.96880617918277,42.367950439453125,4575306,193846337.8533325,1.0
2021-11-09,42.35620779979052,44.01735034797169,42.203596292565216,43.43037414550781,6044652,262521497.9393921,1.0
2021-11-10,43.40689685291938,43.894086990784885,42.52643081243404,43.37754821777344,4163187,180588844.8321076,1.0
2021-11-11,43.21319190299092,43.37167522712254,42.00402257864943,42.25642013549805,5000132,211287678.5249481,1.0
2021-11-12,42.55577817763008,42.55577817763008,41.48748369853348,41.769229888916016,8960571,374276150.0349541,1.0
2021-11-15,41.61661744846736,43.10754003725387,41.61661744846736,42.6203498840332,11359080,484127963.9607239,1.0
2021-11-16,42.42077780735144,44.18757478267052,42.32686007599081,43.21906280517578,7741791,334592951.4535446,1.0
2021-11-17,42.94905310860799,43.78842682441637,42.26229089037208,42.8433952331543,5749280,246318675.3460693,1.0
2021-11-18,42.99014341961269,43.26602479945457,41.83967125875274,42.144901275634766,5039946,212408026.6045304,1.0
2021-11-19,42.033372270679806,42.29164165673034,41.37595865290507,41.3876953125,4891854,202462562.8652344,1.0
2021-11-22,41.38769496118304,41.64009601529363,40.63636711470578,40.67745590209961,8210590,333985912.65522003,1.0
2021-11-23,40.818335209452805,40.95921006933321,39.77938573762518,40.430931091308594,7072712,285956331.5006714,1.0
2021-11-24,40.27831180412775,40.425054978828186,39.84981893955971,40.0200424194336,3999406,160056397.77253723,1.0
2021-11-25,39.89677638614607,40.3722298649852,39.02218216743807,39.6619873046875,5513372,218671290.2700196,1.0
2021-11-26,39.644381926498646,40.061134674553045,38.869570212296985,39.13957977294922,5361863,209861064.6201248,1.0
2021-11-29,38.95174847122065,39.09262333079581,37.97149977067861,38.499778747558594,14894755,573444771.9990921,1.0
2021-11-30,38.75217644582991,39.52111635224894,38.59369310162076,38.91065979003906,9669683,376253745.4905243,1.0
2021-12-01,39.21001532520536,39.59155108724719,38.64651941671364,38.88718032836914,8533377,331838970.2089577,1.0
2021-12-02,38.887182864863405,39.43307032592684,38.41760116396412,38.499778747558594,6593332,253841823.209198,1.0
2021-12-03,38.44107535999725,38.957614100948064,37.70148421133892,38.04193115234375,10909576,415021339.0932617,1.0
2021-12-06,38.13585008692841,38.35890252215594,37.272995969071,37.62518310546875,7874106,296264680.0418701,1.0
2021-12-07,37.625181773560406,37.830622224905326,36.60384086068859,36.95602798461914,6530183,241329625.69268417,1.0
2021-12-08,37.16733836135588,38.15345527190698,37.02059169626257,37.49017333984375,6737468,252588843.1916504,1.0
2021-12-09,37.42561241600914,39.069143134248215,37.402132108328594,38.91065979003906,12759020,496461886.4743042,1.0
2021-12-10,38.62304101988692,38.90479073458732,36.9795103322779,37.78953552246094,15740036,594808649.546814,1.0
2021-12-13,37.566485302048,37.566485302048,36.04034572324146,36.05208587646485,18321264,660519783.0933838,1.0
2021-12-14,35.82903314712099,36.65080194929645,35.57076375056381,36.333831787109375,11616756,422081258.4158936,1.0
2021-12-15,36.33383617622068,36.84450670098762,35.394676208496094,35.394676208496094,9014633,319070016.17342377,1.0
2021-12-16,35.394670578194024,35.99338692722231,35.394670578194024,35.74098587036133,5618647,200815983.03754807,1.0
2021-12-17,35.870127534318506,35.993393921797484,34.91335555451733,35.01314163208008,6868541,240489198.83874893,1.0
2021-12-20,35.47097574033598,35.55315331465065,34.84291076660156,34.84291076660156,8648087,301324523.642807,1.0
2021-12-21,35.04248608561984,35.33597595228615,34.64334182306374,35.08944320678711,7162409,251324943.82928085,1.0
2021-12-22,35.23618991082267,35.97577766866605,35.09531505417048,35.6529426574707,7215658,257259440.9099197,1.0
2021-12-23,35.66467679593685,35.805555135680486,35.1011809022297,35.36532211303711,4569176,161590381.03115845,1.0
2021-12-24,35.459237023180194,36.732975504402674,35.45336869322878,36.39252853393555,8949362,325689911.9455185,1.0
2021-12-27,36.39252915250726,36.62732173646492,35.87012202802427,36.14599990844727,4052572,146484267.14097595,1.0
2021-12-28,36.15187298600814,36.25752738197041,35.21270960369606,35.6529426574707,5348647,190695004.7860527,1.0
2021-12-29,35.658808804091834,35.79968365211729,34.86639215026557,35.007266998291016,4760084,166637531.5222931,1.0
2021-12-30,35.14814200023464,36.25165699052842,34.819435184420314,36.093170166015625,7190327,259521695.96029663,1.0
2021-12-31,35.647071309659324,36.56862622044595,35.44749917558225,35.70576858520508,6394405,228317145.17007828,1.0
2022-01-04,36.14599805548481,36.73297424570825,35.51793307784878,36.56862258911133,8267138,302317849.41410065,1.0
2022-01-05,36.7858074409116,36.961899270432205,35.3829341490682,35.53554916381836,9808841,348562551.59557724,1.0
2022-01-06,35.24205579100058,35.729245932104575,34.790082615084444,35.28901290893555,5057582,178477076.48600006,1.0
2022-01-07,35.611852707133195,36.310355144344896,34.925090423102574,35.00139617919922,4604836,161175689.176239,1.0
2022-01-10,34.748991813901746,35.51206327466906,33.569171152656416,35.41227722167969,10721904,379687036.7922363,1.0
2022-01-11,35.41814774399716,35.76446653267448,33.281555206285056,33.56330490112305,9026106,302945947.74785614,1.0
2022-01-12,33.63961127990104,35.09531340621382,33.39308203886275,34.66682052612305,8154093,282676478.58431625,1.0
2022-01-13,35.629460320033346,36.01686440722414,34.19723851410613,34.349853515625,9793405,336402027.16918945,1.0
2022-01-14,34.10332177223692,35.19510013418763,34.10332177223692,35.019004821777344,5483635,192031440.505867,1.0
2022-01-17,35.74098736715054,37.90106027935217,35.47684614655099,37.384521484375,17827704,666480183.2050781,1.0
2022-01-18,37.84823099056272,38.37650993387798,37.267123104999854,37.74257659912109,11518235,434727866.7741776,1.0
2022-01-19,37.73083774264625,38.20628776005233,36.81515467517365,37.17321014404297,9981202,371033319.436142,1.0
2022-01-20,37.38452704433824,37.537138579062514,35.95230499197741,36.73885345458984,8507678,312562335.280838,1.0
2022-01-21,36.68014992252673,37.707355667097126,36.16947946867983,36.65666961669922,7886140,289079628.5310364,1.0
2022-01-24,36.39253272264728,37.09690705056644,35.89360236247702,36.31622695922852,8491438,308376989.61821747,1.0
2022-01-25,36.20470080437846,36.74471995916485,35.45337284385301,35.641204833984375,7056555,251504122.1772766,1.0
2022-01-26,35.99925666279051,36.210568940061584,34.50246573177071,35.26553726196289,10220126,360418234.27495575,1.0
2022-01-27,35.09531679644528,35.31249742246008,33.48699951171875,33.48699951171875,9400379,314790486.9829712,1.0
2022-01-28,33.686570382370405,33.94483979162769,31.432583128220795,31.68498420715332,11527938,365262533.4710426,1.0
2022-02-07,32.2719562812103,32.9587185813053,31.684983538961948,32.18391036987305,11331016,364676403.3435974,1.0
2022-02-08,32.11347377259599,32.17804287174518,30.81625838979729,31.42084312438965,8094582,254338591.1795082,1.0
2022-02-09,31.52062819710935,31.878683663673137,31.05104651293229,31.743677139282227,8652703,274668610.41409874,1.0
2022-02-10,31.743676735749226,31.884551588516874,30.99234884505992,31.221269607543945,6903560,215537908.01185608,1.0
2022-02-11,31.10974454044976,31.40323441006528,30.610814207241003,30.7751693725586,5403894,166305753.12135315,1.0
2022-02-14,30.65190043724077,30.69298922513671,29.93578954660511,30.064924240112305,5443517,163658926.2047634,1.0
2022-02-15,30.405372342746976,31.1097431070957,30.01796824770249,30.968868255615234,6359617,196950141.029171,1.0
2022-02-16,31.43258288007492,31.43845121035336,30.340807976202164,30.61668586730957,6387011,195549109.4180508,1.0
2022-02-17,30.41124038039649,30.91017068582049,30.35254310835291,30.54037857055664,4609216,140767201.5534668,1.0
2022-02-18,31.46192748984068,32.47739650482548,30.57559316193333,31.27409553527832,18611609,582061237.9312458,1.0
2022-02-21,32.22499630404315,33.79222456470019,32.17803918743626,33.00567626953125,28309617,934378054.0164185,1.0
2022-02-22,32.63588180075063,32.63588180075063,31.4912780294176,31.667369842529297,17424707,551794640.9667091,1.0
2022-02-23,31.57932380744944,32.401092584733185,31.16843941880756,31.93151092529297,12650738,403957178.6600189,1.0
2022-02-24,31.69672022859002,31.7260688657295,30.28797865978766,30.55211639404297,13511896,412817019.2962036,1.0
2022-02-25,31.06865538937649,31.549977233029068,30.763428862675724,31.133224487304688,8361946,260334341.96871948,1.0
2022-02-28,31.121481421911657,31.56758276321328,30.85147188803224,31.532365798950195,7360855,232105172.4530316,1.0
2022-03-01,31.62628412286005,31.73781034587347,31.244751824098334,31.36214637756348,6609509,207288388.7418232,1.0
2022-03-02,31.10974534409645,31.262360359683264,30.58146635958468,30.687124252319336,6336852,194459764.6925583,1.0
2022-03-03,30.80451543613235,30.968867094662656,30.023835452216364,30.064924240112305,6790807,204165097.98422432,1.0
2022-03-04,29.830135475388683,30.117753500662385,29.342945331387902,29.565994262695312,6622100,195788970.60699463,1.0
2022-03-07,29.43686125050895,29.43686125050895,28.11616559070797,28.24530029296875,10327416,291700966.17041016,1.0
2022-03-08,28.468348148162693,28.920319561059973,27.646581149019152,27.846153259277344,8747419,243581970.09711456,1.0
2022-03-09,28.057467947228453,29.202071768813145,27.89311453319253,29.1198959350586,15220030,443205689.72846985,1.0
2022-03-10,29.91231177443886,30.24689043576061,29.43686174804105,30.100147247314453,10060893,302834360.73947525,1.0
2022-03-11,29.648172321934407,29.689261110935657,28.69140050105839,29.583606719970703,9996949,295745807.6156044,1.0
2022-03-14,29.290118235511653,29.63056522338284,28.3979137214395,28.403783798217773,6936811,197031679.89309883,1.0
2022-03-15,28.233559702696542,28.76183865705499,27.13591475046092,27.159393310546875,9446965,256573838.0259705,1.0
2022-03-16,27.60549337739424,28.73248865952037,26.76611786543819,28.497697830200195,9128467,260140294.2189541,1.0
2022-03-17,29.0494583493627,30.34667724907966,28.70314301888849,30.26449966430664,13002456,393512825.24716187,1.0
2022-03-18,30.076665374263968,30.076665374263968,28.94967006094632,29.08467483520508,8465207,246207793.00770187,1.0
2022-03-21,29.348814552468912,29.45446894492244,28.43313325421981,28.755970001220703,6899847,198411793.34501263,1.0
2022-03-22,28.703142007375018,28.861625347821462,28.43900252445531,28.68553352355957,5108241,146532618.45192146,1.0
2022-03-23,28.6914012934679,28.70314144680016,28.06333627420217,28.163124084472656,7586094,213648106.6384735,1.0
2022-03-24,28.03985881642779,28.133774807197547,27.493971355973063,27.96942138671875,5288708,147922102.64331055,1.0
2022-03-25,28.104424886123205,28.3392157255916,27.587886087208847,27.86376571655273,5557877,154863382.60941696,1.0
2022-03-28,27.58788818677501,28.057469901449128,26.91286600014205,27.64658546447754,6243639,172615299.22284508,1.0
2022-03-29,28.17486257054275,28.286388787932413,27.25917951080221,27.69354248046875,6388491,176919946.8945923,1.0
2022-03-30,27.981161815943658,29.020109548061605,27.59375769525744,28.943803787231445,8460575,244881222.7271557,1.0
2022-03-31,28.76183832052862,28.890974765807503,28.40378286066814,28.615095138549805,4494322,128605451.61327744,1.0
2022-04-01,28.87923352832263,29.73034919142372,28.497697776449453,28.9672794342041,6862494,198787781.31354904,1.0
2022-04-06,28.73249191637384,28.90858549495601,28.20421467368118,28.791189193725582,6340974,182564182.1064949,1.0
2022-04-07,28.773577217512365,29.3312047777408,28.703139794626946,28.80879592895508,7564847,217934133.45676804,1.0
2022-04-08,28.29225556841103,28.755968896091385,27.006778706396734,27.382444381713867,15538922,425493667.41679,1.0
2022-04-11,26.889385723232145,27.23570280582988,25.06388955608524,25.181285858154297,15072893,379554827.3423729,1.0
2022-04-12,25.087366111321604,27.55853737587889,25.087366111321604,27.5174503326416,16163267,444771896.885725,1.0
2022-04-13,26.795466535541024,27.763978489427053,26.57828593506472,27.35309410095215,8160909,223226111.8263073,1.0
2022-04-14,28.26290748277814,28.35095513685368,27.04786802041412,27.99876976013184,8042197,225171622.16862297,1.0
2022-04-15,27.9576821759846,28.14551415212606,27.44114336833214,27.75811004638672,3852139,106928098.27597807,1.0
2022-04-18,27.464620473682245,28.127904178292617,27.12417350675124,27.887243270874023,3351433,93462227.37703514,1.0
2022-04-19,27.88724410652948,28.163123734191487,27.517450239484827,27.70528221130371,4395722,121784718.53243636,1.0
2022-04-20,27.763979520601303,28.098556421579755,27.323746480388586,27.47049140930176,4418495,121378228.93954276,1.0
2022-04-21,27.15352371101434,27.70528119966452,26.51958864611481,26.678071975708008,4890927,130480502.53393364,1.0
2022-04-22,26.17914214592522,26.5254591931504,25.82108669226096,26.03826904296875,6153310,160221541.28479004,1.0
2022-04-25,25.62151580181716,26.513720313859764,25.122587221228724,25.56281852722168,10151219,259493769.1270848,1.0
2022-04-26,25.49824972801356,25.81521639005256,23.479051720201017,23.7314510345459,10757653,255294715.4161358,1.0
2022-04-27,23.473183469735385,25.950223180525928,22.745332359186115,25.94435310363769,13008964,337509155.52851105,1.0
2022-04-28,25.592165565639124,27.62897379115064,25.592165565639124,27.02438735961914,14185861,383364202.6937141,1.0
2022-04-29,27.223961482157623,28.26290919226504,26.419804619575057,27.9342041015625,10015349,279770803.1143799,1.0
2022-05-05,27.93420298754735,28.755970047848844,27.646583206546723,28.66205406188965,8154645,233728875.8455181,1.0
2022-05-06,28.151384524022028,29.06119752368144,27.66419434837555,28.450742721557617,6010252,170996133.3437271,1.0
2022-05-09,28.18073181605553,29.114023331790417,28.18073181605553,28.6914005279541,5728619,164362102.2010479,1.0
2022-05-10,28.544658646183617,29.642305368003235,28.239430372547226,29.50143051147461,6969496,205610101.94400024,1.0
2022-05-11,29.501429012949668,30.229280072673884,29.16685211895245,29.34881401062012,6962030,204327323.6063576,1.0
2022-05-12,29.342945978956863,30.176451437657047,29.155112262374647,29.742090225219727,3858981,114774161.07940865,1.0
2022-05-13,29.92992427183296,30.14123306964756,29.54838848218611,29.618825912475582,2702866,80055717.51874924,1.0
2022-05-16,29.824265078561883,29.824265078561883,28.879235127414063,29.231420516967773,5052453,147690378.28521538,1.0
2022-05-17,29.40751216927998,29.40751216927998,28.90858359800241,29.07293701171875,4686419,136247964.39752197,1.0
2022-05-18,29.290117710014613,29.57186741810189,28.480090792317327,28.744230270385746,5225259,150196047.91840553,1.0
2022-05-19,28.538789006920204,28.726620987486683,27.95768283462129,28.53291893005371,4015103,114562608.39481544,1.0
2022-05-20,28.585746239710257,28.86749419443896,28.30986661498539,28.64444351196289,3850905,110307030.74243546,1.0
2022-05-23,28.70314264370405,28.93206341754102,28.3568273177566,28.73836135864257,3489840,100292283.0038452,1.0
2022-05-24,28.80879695568544,28.80879695568544,27.69354179548146,27.7346305847168,3584174,99405741.84134674,1.0
2022-05-25,27.68767130809201,28.64444312022153,26.854165861839373,28.4213924407959,3826509,108754713.96723749,1.0
2022-05-26,28.239429211141413,28.64444353374071,27.6348445120368,28.26877784729004,4092904,115701393.9262848,1.0
2022-05-27,28.356823405247155,28.76183595136858,28.092683952916087,28.110292434692383,3221666,90561973.38690569,1.0
2022-05-30,28.462479322041062,30.79864747920083,28.28638750868657,30.52276611328125,10905156,332855526.0168457,1.0
2022-05-31,30.52276548885808,30.85147229622734,30.12362125897729,30.62841987609864,6508789,199353922.3769321,1.0
2022-06-01,30.7634288080866,30.7634288080866,29.60121648492483,29.830137252807617,5695299,169891550.86577797,1.0
2022-06-02,29.824262829359267,31.09800126029864,29.789045864933943,31.01582717895508,6308468,195662353.2519684,1.0
2022-06-06,30.763426269439925,32.5478351442379,30.646031730070423,32.17803955078125,9480396,305060557.4450684,1.0
2022-06-07,32.16630008199945,32.50087522492533,31.75541569241853,32.1369514465332,4084516,131263892.374588,1.0
2022-06-08,31.91977315490025,32.371746365445325,31.40323433887945,31.984338760375977,4860134,155448172.27682114,1.0
2022-06-09,31.99020729269064,31.99020729269064,31.01582703606901,31.532365798950195,5788047,182510815.26551628,1.0
2022-06-10,31.11561644350084,32.16630256455803,31.109744620122303,31.68498420715332,8133757,257717962.0898228,1.0
2022-06-13,31.180179626517788,31.655629616654192,30.99234766102144,31.461929321289062,4994109,157124304.3808136,1.0
2022-06-14,31.643891545131773,31.73193744755628,30.91016870548757,31.655628204345703,4819526,152565123.17717743,1.0
2022-06-15,31.4678023339326,32.53023217729557,31.403236723553945,32.207393646240234,6342474,204274556.80904388,1.0
2022-06-16,32.20739327974708,32.4010970947869,31.79064050323708,32.001949310302734,3822859,122338939.9384346,1.0
2022-06-17,32.06065082917909,32.271959641167186,31.3680166337166,31.99021339416504,4640652,148455447.76805878,1.0
2022-06-20,32.16630079018001,32.26608685157285,31.508887149598177,31.70259094238281,4780275,151547102.917099,1.0
2022-06-21,31.990210221420387,32.3423938685075,31.40910231345146,32.20151901245117,3285391,105794580.74983595,1.0
2022-06-22,31.92564211554316,32.271957443160225,31.46193223524964,31.5969352722168,3297573,104193200.63640976,1.0
2022-06-23,31.52649630198306,32.40109406002915,31.467799028512097,32.336524963378906,4750856,153626173.64141846,1.0
2022-06-24,32.45978817498351,33.19937941722584,32.060647409878065,32.65349197387695,6907492,225553734.5816193,1.0
2022-06-27,32.577183968473534,33.37546893665914,32.45391760558688,32.87067031860352,4366011,143513708.18839645,1.0
2022-06-28,32.69457887043975,32.94110810588859,32.19564857664242,32.79436492919922,6083766,199513242.3478546,1.0
2022-06-29,32.78849527067641,33.24046493517535,32.19564727198956,32.406959533691406,5550091,179861574.44530487,1.0
2022-06-30,32.565447055703096,32.600667517054745,30.904304368155344,32.04890823364258,13600326,435875599.9216232,1.0
2022-07-01,32.04890552336022,32.45978641967259,31.25648887313288,31.461929321289062,4426819,139276266.49613953,1.0
2022-07-04,31.61454735974824,32.28369770955776,31.109745192593977,31.831727981567383,6010319,191318839.4904461,1.0
2022-07-05,31.814111585088924,32.14282187695595,31.074523907548148,31.32692146301269,4500032,140972149.04504395,1.0
2022-07-06,31.10974297061089,31.59106479554856,30.974739942815667,31.233009338378903,4556948,142327199.43850708,1.0
2022-07-07,30.998220592767925,31.403233173699046,30.87495422363281,30.87495422363281,4939769,152515141.75032043,1.0
2022-07-08,31.49714379413449,31.97259374664696,31.22713776657424,31.456058502197266,4742760,149188536.0218811,1.0
2022-07-11,31.438448714246583,31.44432053711255,29.93578951163113,30.67538070678711,5464130,167614267.98137665,1.0
2022-07-12,30.499290192658428,30.93365140885772,30.064925483405528,30.38776397705078,3054957,92833312.27603912,1.0
2022-07-13,30.72234085799655,31.67324441609772,30.194061879730075,31.186054229736328,4976772,155205881.48103333,1.0
2022-07-14,31.18604953509329,31.46192739000761,30.86907940140598,31.32105255126953,4029419,126205644.25008392,1.0
2022-07-15,31.4668434837366,32.75199931715615,31.23317878675123,31.32664680480957,4977378,155924562.62002945,1.0
2022-07-18,31.32664758013712,32.62738085451919,30.99951485699694,32.32361602783203,5130691,165842485.84145355,1.0
2022-07-19,32.43266126960938,33.49193934779307,32.16783818462307,33.34395217895508,8377990,279355297.91576385,1.0
2022-07-20,33.48415386485299,33.554253991378154,32.83767888183268,33.06355667114258,3438222,113679847.94496918,1.0
2022-07-21,32.9856676727734,33.79570728040372,32.86883531132215,33.289432525634766,5501898,183155062.23392487,1.0
2022-07-22,33.62434773146601,33.87358983174649,32.49496957599008,32.84546661376953,6171184,202695418.0394287,1.0
2022-07-25,32.7130560594486,33.0557626019136,31.848497433822622,32.43265914916992,5540349,179688250.68444443,1.0
2022-07-26,32.440449133920026,32.82210101526208,32.16005219716265,32.37813949584961,4148426,134318315.7162094,1.0
2022-07-27,32.440452765638234,32.65854008874013,32.08995566409314,32.409297943115234,3018253,97819460.7447014,1.0
2022-07-28,32.68190171311102,32.7519982676081,31.9341718543668,32.1288948059082,5224947,167871772.52944565,1.0
2022-07-29,31.949752892938704,32.32361425762958,31.12413599116597,31.30327796936035,7053837,220808220.3615589,1.0
2022-08-01,31.147505110520783,31.80955390298135,30.81258547070183,31.459056854248047,5116370,160956174.71736908,1.0
2022-08-02,31.17866310918729,31.536947116209618,30.220636318735856,30.804798126220703,6980652,215037575.6493988,1.0
2022-08-03,31.038460261862344,32.105528836888254,30.890473091694425,31.318857192993164,6502808,203660515.1054535,1.0
2022-08-04,31.490212239930408,31.7394543524948,30.983941092924216,31.544734954833984,3377026,106527390.1055832,1.0
2022-08-05,31.46684500050092,32.798736689869614,31.3110709052956,32.557281494140625,6602630,214963683.5116577,1.0
2022-08-08,33.32059105186226,33.38290069411348,31.93417655368759,32.86883544921875,4759180,156428704.2932129,1.0
2022-08-09,32.923354893237665,33.04018724355496,32.26130609658645,32.59622573852539,5225431,170329328.45708847,1.0
2022-08-10,32.52612521786575,32.54170262668838,31.708298775636305,31.89523124694824,4570659,145782225.7559452,1.0
2022-08-11,31.941963658945443,32.19899625417233,31.51357956567432,31.864076614379883,5100288,162515967.58740234,1.0
2022-08-12,31.466847037041056,31.77061189051189,30.586710863126694,31.19424057006836,8192853,255569827.43720627,1.0
2022-08-15,31.209816884385926,31.3110718319864,30.55555496883839,30.61786460876465,8036180,246050671.2116623,1.0
2022-08-16,30.61786239524564,30.804794866950736,30.275155834986585,30.71133041381836,5252337,161306257.05172348,1.0
2022-08-17,30.71911753712921,31.295492364882524,30.306310851591537,30.45429801940918,5067708,154333489.70734406,1.0
2022-08-18,30.384199516472208,30.61007730656221,30.228425418590025,30.321889877319336,3227494,97863717.6477089,1.0
2022-08-19,30.32968009725926,30.586709139216733,29.597529364632635,29.605318069458008,5789042,171386429.72745132,1.0
2022-08-22,29.44175281322004,30.781431405240625,29.184721994410573,30.524398803710938,6402651,195437072.52497864,1.0
2022-08-23,30.532184955898725,31.061827554900496,30.3218881529965,30.69575309753418,4716118,144764793.7068367,1.0
2022-08-24,30.960573302593577,30.99172812109092,29.86234990608024,29.955814361572266,4710666,141111836.21537018,1.0
2022-08-25,30.26736671646852,30.29073461352843,28.72518177740773,29.05231094360352,5368234,155959603.38602448,1.0
2022-08-26,28.904324888284872,29.94023870856852,28.904324888284872,29.22366714477539,3991915,116658395.23023604,1.0
2022-08-29,28.81864585167901,29.63647232173758,28.62392645204997,29.51963996887207,3398466,100321492.7664528,1.0
2022-08-30,29.27039831642261,29.65205198247702,28.974423968602743,29.44175338745117,2371009,69806662.25742722,1.0
2022-08-31,29.441753485404973,29.971392544411188,29.239243594504828,29.605318069458008,3368002,99710770.46857072,1.0
2022-09-01,29.56637483121629,30.812587225248347,29.42617636028375,29.9168701171875,5576071,166818591.87121582,1.0
2022-09-02,29.91686938914384,30.282947424168537,29.379441633194325,29.69878387451172,3615982,107390267.91212463,1.0
2022-09-05,29.57416396832881,30.34525824380736,29.052311818755165,30.24400329589844,5097150,154158221.39968872,1.0
2022-09-06,30.423143953322327,30.750276680397462,29.909082314136203,30.50882148742676,5532044,168776142.85659027,1.0
2022-09-07,30.547765670005106,31.918599034378,30.29851999880973,31.32664680480957,9779918,306372036.9659996,1.0
2022-09-08,31.521366409185525,32.16783779107626,31.240969484005,32.05879592895508,6432057,206204002.766407,1.0
2022-09-09,32.230147191749936,32.596221605296215,31.70829514238654,32.23793411254883,6859878,221148294.98412323,1.0
2022-09-13,32.54949380874315,33.00124580512499,31.934173668071026,32.32361602783203,6660386,215287759.66114807,1.0
2022-09-14,31.94196700480332,32.67411599673183,31.87965736262406,32.12110900878906,4880172,156756536.79364014,1.0
2022-09-15,32.30803667563128,32.45602383642582,31.459055448689824,31.739452362060547,6576584,208737174.5730896,1.0
2022-09-16,31.86407556315445,32.63516619251541,31.62262038480652,31.677143096923828,5935418,188017085.32605743,1.0
2022-09-19,31.568102362436264,31.848499289048505,31.069614579587395,31.26433753967285,4455489,139297912.00029945,1.0
2022-09-20,31.4512720575382,31.575891337272942,31.01509744758537,31.2020263671875,4113220,128340798.89404295,1.0
2022-09-21,31.077403825497043,31.28770062069649,30.70353889465332,30.70353889465332,3546474,108889302.39787674,1.0
2022-09-22,30.68017626545625,30.85152776660398,30.25178859898588,30.37641143798828,5958292,180991529.25967407,1.0
2022-09-23,30.27515649549896,30.423143665574027,29.32492027282715,29.79224967956543,7642658,227691975.35152817,1.0
2022-09-26,29.543008275955472,30.205057096242,29.285975669905145,29.65205192565918,5083107,150724552.70768166,1.0
2022-09-27,29.62868539396995,30.181688774043167,29.62868539396995,30.10380172729492,2487446,74881581.19135284,1.0
2022-09-28,30.103801343844346,30.103801343844346,29.402807235717773,29.402807235717773,2349279,69075397.57991982,1.0
2022-09-29,29.402808142718303,30.02591522430997,29.30155498011192,29.41059684753418,3024196,88943409.34392548,1.0
2022-09-30,29.29376543161342,29.589741572265275,28.49151811353985,28.65508270263672,5533975,158576511.29932404,1.0
2022-10-10,28.740758816887105,29.05231056951142,28.10986482423865,28.351316452026367,5687128,161237565.6311798,1.0
2022-10-11,28.17996437829344,28.538250157124384,27.533491165762623,27.728212356567383,5837518,161863938.73928452,1.0
2022-10-12,27.767154679629574,28.390261750143043,27.43223681306086,28.17217445373535,6678418,188145556.9709664,1.0
2022-10-13,28.14880800123663,29.270397505778263,28.047553058927697,28.83422470092773,7650730,220602867.94612885,1.0
2022-10-14,28.896534764974103,29.589740179501383,28.75633629767291,29.324920654296875,5129121,150411066.35128784,1.0
2022-10-17,29.301553625297107,30.594498174873607,29.27039702475393,30.064855575561523,5674578,170605368.02225876,1.0
2022-10-18,30.064856607283293,30.220634267184405,29.675417805691232,30.07264709472656,4641373,139578372.2639923,1.0
2022-10-19,30.01812336781347,30.11937830852244,29.67541680610334,29.90129280090332,2371210,70902244.50242996,1.0
2022-10-20,29.87792554174119,30.563344027933795,29.620894723619102,30.13495635986328,4504326,135737667.44059753,1.0
2022-10-21,30.08822563016764,30.516613319567178,29.597530083372337,30.24400329589844,3806949,115137378.10331726,1.0
2022-10-24,30.24400338937474,31.038461999631977,29.800040071294315,30.40756797790528,8110203,246611549.03711128,1.0
2022-10-25,30.36862056782608,31.295492447740543,29.909081654198843,30.259578704833984,7302942,220983948.2258377,1.0
2022-10-26,30.15832672542622,31.94196697176837,30.03370387575585,31.19424057006836,10529908,328472483.3326874,1.0
2022-10-27,31.07740490810305,32.71305779800321,30.80479490463957,32.05879592895508,10124941,324593417.3117104,1.0
2022-10-28,31.93417694440901,33.102500578117656,31.78618975953136,32.269100189208984,11777643,380053941.9597359,1.0
2022-10-31,32.160054046295166,33.305009756153765,32.058799095888546,32.962303161621094,9092382,299705851.9452667,1.0
2022-11-01,32.79094573017802,33.46078502623625,32.66632645580836,33.219329833984375,6297997,209215239.6364441,1.0
2022-11-02,33.040188773820674,33.28943089501193,32.79094665262942,33.06355667114258,4604205,152231392.943058,1.0
2022-11-03,32.84547005347412,33.18038971790014,32.26909875041575,32.7286376953125,9015158,295053839.94799805,1.0
2022-11-04,32.713058286034354,33.164810281013715,32.32361592748238,32.74421310424805,5928331,194118533.61652,1.0
2022-11-07,32.63516604928333,32.9934535717729,32.32361431722647,32.697479248046875,4737810,154914444.15618896,1.0
2022-11-08,32.79094381752912,32.89998924168255,32.08994974376645,32.63516616821289,4795825,156512545.7886696,1.0
2022-11-09,32.32361677981775,32.82210101526208,31.84070995389101,32.37813949584961,4339989,140520769.25245285,1.0
2022-11-10,32.09774181236132,33.14144248752186,32.01985120114487,32.32361602783203,3509204,113430162.65933228,1.0
2022-11-11,32.81431076122755,33.21932693300005,31.86407461537957,31.87965202331543,5730163,182675602.4768772,1.0
2022-11-14,31.91860143036176,32.61180508624851,31.801769073098995,32.3703498840332,4074074,131879200.83344267,1.0
2022-11-15,32.43266266329722,33.62435055246277,32.14447523504965,33.06355667114258,7784149,257371651.59811783,1.0
2022-11-16,33.10249570057984,33.484151121404395,32.16783693133165,32.2457275390625,4711182,151915491.15893555,1.0
2022-11-17,32.26130899263088,33.32059072780317,31.934176243112063,33.14144515991211,6352323,210525164.3425484,1.0
2022-11-18,33.32059067420495,34.46554638207735,32.635170355447244,32.75200271606445,10216473,334609951.44459915,1.0
2022-11-21,32.77536783448046,33.71781712739661,32.17562867187578,33.34395217895508,6404335,213545839.97800827,1.0
2022-11-22,33.22712322088907,33.336165095477966,32.50276471180381,32.658538818359375,4725248,154319695.234375,1.0
2022-11-23,32.759793207871326,33.62435196345331,32.33140907403754,32.57286071777344,3763588,122590827.7230835,1.0
2022-11-24,32.666323721332006,32.9311432226401,31.99648448134557,32.043216705322266,2679666,85865118.3358841,1.0
2022-11-25,32.035434798019715,32.19899939025827,31.466846838271103,31.58367919921875,5175362,163456973.14782715,1.0
2022-11-28,30.99172727360928,31.918599143041536,30.851527028764632,31.490211486816406,2806329,88371893.711586,1.0
2022-11-29,31.575891527458708,31.68493696332401,30.22842594728748,30.633445739746094,11380807,348633333.7090225,1.0
2022-11-30,30.75027869403615,30.83595266831037,30.11159417284556,30.672388076782227,8565817,262734063.2186985,1.0
2022-12-01,30.82816094316429,31.918597325875147,30.69575119298941,31.87965202331543,7067565,225311512.8521633,1.0
2022-12-02,31.72387428809897,32.15226191871448,31.607041946192943,31.66935157775879,3261267,103282211.21194267,1.0
2022-12-05,31.934171077353767,32.44823623409238,31.536941827961304,31.66935157775879,4060330,128588018.29172134,1.0
2022-12-06,31.93417213725725,32.32361447834973,31.47463324104672,31.856285095214844,6413383,204306557.27280423,1.0
2022-12-07,31.864075482503047,32.315827455816866,31.700507346565107,32.097740173339844,3709462,119065347.45887756,1.0
2022-12-08,32.082163532280234,32.1678374975879,31.48242438248468,31.9263858795166,5748896,183541472.07720947,1.0
2022-12-09,31.739454176584445,31.9809093659332,31.52915737089392,31.75503158569336,4212127,133756225.9279518,1.0
2022-12-12,31.965331931181964,32.47939356224452,31.62262180018,32.385929107666016,5101507,165217044.04426193,1.0
2022-12-13,32.29245926741292,32.53391444295783,31.70829754562382,31.739452362060547,3461296,109859639.50299072,1.0
2022-12-14,31.62262276000975,32.0276425396908,31.50579040552025,31.77840042114257,3176198,100934491.8608322,1.0
2022-12-15,31.74724735689801,31.96533466836299,31.52136955749753,31.58367919921875,3058491,96598398.57769775,1.0
2022-12-16,31.583680230193984,31.770612726900325,31.240973624099706,31.59147071838379,4052257,128016758.35886574,1.0
2022-12-19,31.62262372476589,31.856288440873623,30.90605216639823,31.217607498168945,3329209,103929939.84137154,1.0
2022-12-20,31.194239283675994,31.38117176775243,30.532186884465307,30.649019241333008,2966691,90926169.54208946,1.0
2022-12-21,30.485454996008816,30.91384268627875,30.430935843516785,30.633445739746094,2629950,80564430.62324524,1.0
2022-12-22,31.07740727463608,31.217607530622715,30.53218722619082,30.633445739746094,3154237,96625147.9897995,1.0
2022-12-23,30.60228404183764,31.19423625639286,30.44650995809172,30.91383934020996,2639152,81586320.9223938,1.0
2022-12-26,30.952782891608653,31.622622187275336,30.944995969685323,31.513580322265625,3618526,114032709.74920654,1.0
2022-12-27,31.51357854478804,31.965330519514445,31.42790101582128,31.856285095214844,2811517,89564487.10204315,1.0
2022-12-28,31.96533222818292,32.128896807935234,31.42011220842131,31.529157638549805,3614620,113965923.7834549,1.0
2022-12-29,31.31106605834861,32.11331500350976,31.178656315200847,32.02763748168945,4687050,150115138.25855255,1.0
2022-12-30,34.20851555333126,35.22885203152745,33.865808941452684,34.8939323425293,23894634,833777742.1455002,1.0
2023-01-03,34.87835097701805,36.34264885661061,34.66026367947868,36.12456512451172,15453724,558259059.0542297,1.0
2023-01-04,36.08561773871051,36.72429861964749,35.46251070087123,35.929840087890625,8298145,298151022.87612915,1.0
2023-01-05,35.96099928837678,36.31928685930336,35.696179745511394,35.83638000488281,4842355,173532473.8985443,1.0
2023-01-06,35.83637483937491,36.06224904087024,35.478087320092435,35.517032623291016,4304526,152883990.36980438,1.0
2023-01-09,35.587136182584366,35.72733286985778,35.21327121897418,35.22106170654297,4781230,168399996.86317444,1.0
2023-01-10,35.28337184754296,35.58713668911986,34.94066169844884,35.27558135986328,4227626,149131964.92207336,1.0
2023-01-11,35.2989459100576,35.345678135382286,34.61352924230812,34.9718132019043,5210757,182229620.44451523,1.0
2023-01-12,34.89392541888328,35.890897365178354,34.74593825911014,35.548187255859375,4893530,173956120.78216553,1.0
2023-01-13,35.43914526935053,35.8285876407572,35.12759351148951,35.789642333984375,4126952,147702136.00952148,1.0
2023-01-16,35.79742955760681,36.25696844768838,35.594919685557244,35.69617462158203,4319676,154195908.80465698,1.0
2023-01-17,35.72733189359159,36.21802919924136,35.52482200762313,36.00773239135742,6104480,219808482.22839355,1.0
2023-01-18,36.108984177318206,37.29288868797696,35.89090044505212,36.84113311767578,8932021,329065774.67087555,1.0
2023-01-19,37.19942477738577,37.760222275803166,36.92681473376173,37.5888671875,6448970,242409476.82617188,1.0
2023-01-20,38.08734722932833,41.28076251372274,38.08734722932833,39.17778015136719,19564110,766478400.4371643,1.0
2023-01-30,39.47375716817368,39.800886324294304,38.51573046527125,39.00642776489258,9707948,378672372.4073334,1.0
2023-01-31,39.13883588834154,39.56721996829107,38.788338850535496,38.959693908691406,7286778,283890640.46058655,1.0
2023-02-01,38.95969968063644,38.983064014020826,38.165237471311016,38.55467987060547,7272554,280390991.3116913,1.0
2023-02-02,38.7338187166074,38.866228479785214,37.900414831156255,38.04061508178711,8545036,325058425.3360138,1.0
2023-02-03,37.86146840758942,39.17777907851451,37.822526667794726,39.03758239746094,6943936,271074473.7626953,1.0
2023-02-06,39.03758533322608,39.5828018203174,38.65593343571809,39.40365982055664,6475200,255146578.0700684,1.0
2023-02-07,39.20115018560272,39.31798254543697,38.56246566772461,38.56246566772461,3881136,149666173.75177002,1.0
2023-02-08,38.63256194464299,38.8428623106399,38.07176809953184,38.20417785644531,4223472,161354275.4597168,1.0
2023-02-09,38.63256290508623,38.63256290508623,37.85368175297026,38.40668869018555,5436868,208812096.7256317,1.0
2023-02-10,38.51573357695859,38.835075837059065,37.45645541217717,37.78358459472656,7523420,284261776.0116577,1.0
2023-02-13,37.82252714710175,38.28985655408333,37.542126650560455,37.74463653564453,7104835,268169414.720726,1.0
2023-02-14,37.93157358340769,38.42227094605815,37.81474121758052,37.97830581665039,6471709,245784543.55836868,1.0
2023-02-15,37.908202597067394,38.92074840139949,37.908202597067394,38.81170654296875,5895039,228796523.727356,1.0
2023-02-16,38.61698775959624,40.78227984259299,38.61698775959624,39.10768508911133,14224227,556276590.1520348,1.0
2023-02-17,39.13883642682798,39.48933346945629,37.13710910995787,37.24615097045898,10821043,403042201.2358284,1.0
2023-02-20,37.3084600917276,39.092103663055454,37.06700847836267,38.959693908691406,7981034,310938641.714859,1.0
2023-02-21,38.87402299828593,39.16221045144384,37.69790885175335,37.97830581665039,7320177,278007920.7380104,1.0
2023-02-22,37.80694763576961,38.46899640370238,37.73684751553197,38.00166702270508,5626914,213832112.19339752,1.0
2023-02-23,37.93156936947057,38.07955654101919,37.144897718236,37.32404327392578,4721539,176226925.95552826,1.0
2023-02-24,37.38635460160967,38.585833003019225,37.22279001331575,38.297645568847656,6332128,242505593.84057617,1.0
2023-02-27,38.16523296173618,39.255669411651056,37.822526400586,38.67929458618164,4879190,188723627.3519516,1.0
2023-02-28,39.53606799493885,39.98782000274237,38.31322173541551,38.5468864440918,9263132,357064897.32063293,1.0
2023-03-01,38.35995538611057,40.05013112564325,38.289858823261525,40.00339889526367,8086046,323469323.62345123,1.0
2023-03-02,39.96444918637128,40.29158189388595,39.39586843120387,39.73857498168945,5123820,203613305.26268005,1.0
2023-03-03,39.49712321637169,39.71521051841447,39.16220712386942,39.442604064941406,3394527,133888984.44875336,1.0
2023-03-06,39.73078613408408,41.28076151030834,39.34134734229652,40.95363235473633,11421092,467735202.8576202,1.0
2023-03-07,40.9380550231442,41.11719701032306,39.88656386553549,40.17475128173828,6800187,273195821.39431,1.0
2023-03-08,40.22148495588817,40.57976894313455,39.93329752931833,40.43178176879883,4396092,177741832.37956238,1.0
2023-03-09,40.42399744046479,41.56895316722651,40.04234553154421,41.249610900878906,6273081,258762150.39969635,1.0
2023-03-10,40.89132090601326,41.81040226121586,40.89132090601326,40.93805313110352,5494498,224934051.052742,1.0
2023-03-13,40.92248009841843,42.86189795328021,40.40841843657859,42.76064300537109,7903911,337976316.61722565,1.0
2023-03-14,42.74506457694305,42.81516470312394,41.67020548334408,41.98954772949219,7111794,298621013.60531616,1.0
2023-03-15,42.30888776133807,42.43351059751961,40.95363179938551,41.047096252441406,6074989,249360658.2155228,1.0
2023-03-16,40.89132110859864,42.1998448102499,40.87574370015805,41.08604049682617,6327712,259980631.48425293,1.0
2023-03-17,41.31970608586327,42.68274896392606,41.31970608586327,42.06743240356445,6361666,267618954.42905423,1.0
2023-03-20,42.06743766900346,42.784012824278754,41.72473106753512,41.78704071044922,5090062,212698628.01271057,1.0
2023-03-21,41.76367265479294,42.19205675980785,40.50188110559778,41.00815582275391,7339782,300990923.9610443,1.0
2023-03-22,41.00815647703372,42.03627977164924,40.68881423230482,42.02070236206055,5412750,227447556.71024325,1.0
2023-03-23,41.86492570078933,42.97873012290962,41.13277673631006,42.79179763793945,7372326,315475082.3129196,1.0
2023-03-24,42.68274710806943,43.61740585591679,42.18426291794286,43.46163177490234,7300598,317295902.0125885,1.0
2023-03-27,43.55509879736552,44.41187055533591,43.079982474034566,43.531734466552734,7989674,347804367.04232025,1.0
2023-03-28,43.09556179819817,44.240517456676535,43.01767474962701,43.30585861206055,5875376,254438202.34869385,1.0
2023-03-29,43.30585886969134,44.51312773964933,43.227971820656826,43.84328842163086,6104485,267640696.5205193,1.0
2023-03-30,43.73424280109424,44.27946283833312,43.53952339661782,43.87444305419922,5299226,232500589.3683319,1.0
2023-03-31,43.61740818451286,45.59577120797644,43.3837434850764,45.33095169067383,8035456,364254867.7485352,1.0
2023-04-03,45.330954815984335,45.564619531530646,42.35562315391048,44.10810852050781,12296242,542363976.530426,1.0
2023-04-04,43.227971593538925,44.98045692841213,43.00988429194756,44.86362457275391,8036226,360534226.24580383,1.0
2023-04-06,45.65808178932933,47.88568696729818,45.0193973135245,45.35432052612305,8983449,407438225.3760796,1.0
2023-04-07,45.3698947583424,47.5118224210214,45.19854325506284,47.176902770996094,8099366,382103002.2887116,1.0
2023-04-10,46.63168822724049,47.24700483698788,45.79828431164637,46.23445892333984,6756320,312374799.51293945,1.0
2023-04-11,45.9384807732004,46.218877696004654,44.70005716825462,45.424415588378906,8914425,404932545.9314346,1.0
2023-04-12,45.42441927792096,45.84501647900999,44.79352525900774,45.66587448120117,6549726,299098965.4022598,1.0
2023-04-13,45.63471921617316,45.86059344180243,44.78573433454995,44.9804573059082,6412333,288429670.73776627,1.0
2023-04-14,45.01161156940291,45.92290251374772,44.5988048651647,45.2530632019043,4949488,223979493.2810669,1.0
2023-04-17,45.15181067258891,45.315375252610686,44.084738527889655,44.72342300415039,10774473,481871313.6257973,1.0
2023-04-18,44.40408275276016,45.15959961504578,44.100321475746064,44.70784759521485,8414076,376175227.4625549,1.0
2023-04-19,44.7857313010328,45.61134822922969,44.24051486212865,44.40407943725586,6807967,302301507.47421646,1.0
2023-04-20,46.094256029475375,46.1332013350392,44.21715148760957,44.78573226928711,10225844,457971911.611496,1.0
2023-04-21,44.365135706546816,44.74678755319247,43.399322142496565,43.46163177490234,9396866,408403129.9300995,1.0
2023-04-24,43.50057579500477,43.74203098140709,42.86189489845224,42.99430465698242,6997774,300864427.2767105,1.0
2023-04-25,42.99430846594719,43.8510767287067,42.68275312908857,43.35259246826172,6182875,268043660.15720367,1.0
2023-04-26,43.15786959483439,43.266911458179486,41.296342472640255,41.763671875,8660280,361685092.265625,1.0
2023-04-27,41.76367228564299,43.20460224679328,41.685781674190245,42.417930603027344,7496745,317996409.1585922,1.0
2023-04-28,41.65462683648803,42.13753365242155,41.04709718155209,42.05964660644531,13346986,561369514.4211731,1.0
2023-05-04,42.83074339088547,42.838530313226535,40.50188314040617,41.56116485595703,7586542,315305522.748642,1.0
2023-05-05,41.39759688858587,41.77146186410291,40.89911263152359,41.53001022338867,4809429,199735635.538662,1.0
2023-05-08,41.28855217950019,42.3322528524714,41.109410191870886,41.911659240722656,5455024,228629107.03796387,1.0
2023-05-09,42.05185748469129,42.29331268321912,41.12498912843406,41.56895065307617,6149919,255645679.4314156,1.0
2023-05-10,41.56116209123572,42.5814984308848,41.12498750593226,41.343074798583984,5366032,221848262.3475952,1.0
2023-05-11,41.52221707560821,41.60789460890228,40.65765838623047,40.89132308959961,4159734,170097026.96079254,1.0
2023-05-12,40.83680029092336,41.4754847629396,40.50188064575195,40.50188064575195,3300183,133663617.97513962,1.0
2023-05-15,40.501883206745845,41.01594487252021,39.98003461861767,40.930267333984375,4415842,180741593.56463623,1.0
2023-05-16,41.21845146124941,41.26518725338335,40.4239929111373,40.478515625,3285520,132992972.65625,1.0
2023-05-17,40.5330349714385,40.84459028179853,40.17475099959696,40.626502990722656,5358622,217702072.70915225,1.0
2023-05-18,40.62650487521218,41.38980864666393,40.62650487521218,41.031524658203125,3985132,163516041.92419434,1.0
2023-05-19,41.03152572063255,41.67020666560886,40.79786100369373,41.35086441040039,4386818,181398716.31110385,1.0
2023-05-22,41.24181959597612,41.4599068872486,40.48630278101644,41.1639289855957,5132719,211282880.4190178,1.0
2023-05-23,40.89132377205329,41.10162058241909,40.46293609843337,40.73554611206055,2863828,116659597.55101012,1.0
2023-05-24,40.61871216110803,41.63125799764162,40.385047463027945,41.047096252441406,3785802,155396179.08668518,1.0
2023-05-25,41.0159413425554,41.67020320879698,40.43177959866834,41.46769332885742,4453500,184676372.24006653,1.0
2023-05-26,40.90690423605998,43.22018358458009,40.90690423605998,42.98651885986328,7527801,323593959.65979767,1.0
2023-05-29,42.98651484442144,43.42268943187446,39.11546983757644,40.50188064575195,20087856,813595946.1410522,1.0
2023-05-30,40.50188119095448,41.896082505199416,40.19811636002063,41.57674026489258,10486898,436011034.3304215,1.0
2023-05-31,41.57674056837699,41.69357292224739,40.797859397721126,41.30413055419922,6618912,273388405.37475586,1.0
2023-06-01,40.96921031671455,42.37119854312805,40.65765856599169,42.02849197387695,5946658,249929068.0243912,1.0
2023-06-02,42.192058689114006,42.41014599528904,41.56895159069384,41.771461486816406,4825218,201556407.8524933,1.0
2023-06-05,41.459907840854186,41.91944676473067,41.20287523847958,41.36643981933594,4763594,197052924.52474976,1.0
2023-06-06,41.66241840087663,41.66241840087663,40.65765943732587,40.67323684692383,5132917,208772348.8566017,1.0
2023-06-07,40.71996746914707,41.13277415536686,39.86319927874074,40.98478698730469,7226632,296181973.15563965,1.0
2023-06-08,42.79958196762904,44.61438042437618,41.96618167160784,42.36341094970703,13346440,565400722.4356079,1.0
2023-06-09,42.5642007760426,43.39897998348697,41.60610466807374,43.16182708740234,11089077,478624824.0328903,1.0
2023-06-12,43.68356170584479,43.73099156021103,42.412422068033344,43.03850555419922,6965180,299770938.1159973,1.0
2023-06-13,43.0100463544297,43.74996218021389,42.34601756835032,42.9246711730957,6594336,283059704.4049072,1.0
2023-06-14,42.93415756246682,43.63613170824728,42.573687775533806,43.30411911010742,7052837,305416893.5121727,1.0
2023-06-15,43.25668650210121,47.63927459716797,43.25668650210121,47.63927459716797,21401475,1019550744.3094254,1.0
2023-06-16,47.42109197341726,50.70328699849552,47.10804843158075,49.89696502685547,17111999,853836815.6425858,1.0
2023-06-19,50.08669060785712,52.221066658919206,49.32780206899047,51.71830368041992,15538591,803629568.1038399,1.0
2023-06-20,51.225023084398,52.55308068590429,50.80763531013372,51.17759323120117,10999431,562924405.4926643,1.0
2023-06-21,50.75072005095806,51.74676149644926,50.15309373619692,50.560997009277344,7390700,373681160.59646606,1.0
2023-06-26,50.13412197266456,50.66534577520031,48.66377470583575,49.20448303222656,9828219,483592435.0225067,1.0
2023-06-27,48.90092573100933,49.13807862361235,47.98077496840247,48.46456527709961,8196704,397249696.0650635,1.0
2023-06-28,48.379190383049,48.46456556964808,46.937300353079,47.7056770324707,7188412,342928061.2483368,1.0
2023-06-29,47.46852480261997,48.644801147036965,47.174453907182695,48.094608306884766,6868816,330353015.052063,1.0
2023-06-30,47.96180264161014,48.99578940541118,47.43057885570647,48.19895553588867,6652407,320639069.1996345,1.0
2023-07-03,48.37919097312047,48.74914891334013,47.15548115649699,48.1610107421875,7702732,370971358.5961914,1.0
2023-07-04,47.62029881560851,48.26535493582837,47.05112973494441,48.028202056884766,4588729,220388403.5962868,1.0
2023-07-05,48.28432814576954,48.51199288567412,47.25034143714962,47.43057632446289,3791323,179824634.92219162,1.0
2023-07-06,47.44954874778157,47.88590917926638,46.500937226119404,47.07010269165039,4730634,222671428.17661285,1.0
2023-07-07,47.22188031137691,47.24085297601831,45.93176806508794,46.57682418823242,4373903,203722511.04738235,1.0
2023-07-10,46.67168884813574,47.14599462175772,45.81793700814983,46.99421691894531,5874357,276060807.1173248,1.0
2023-07-11,47.3831459357131,49.83056176465573,47.2408527608835,49.70724487304688,12866472,639556874.3562012,1.0
2023-07-12,49.72621561325706,50.38075989737662,49.138077466675526,49.52700805664063,7270888,360105328.55493164,1.0
2023-07-13,49.58392664833486,50.2764126525164,47.77207871447194,49.98234176635742,8159432,407827518.8433533,1.0
2023-07-14,49.70724540886473,50.352301536025,49.40369001004411,49.6693000793457,4946481,245688249.125782,1.0
2023-07-17,49.69775788664804,50.7886626025908,49.02424456328588,49.5649528503418,3411422,169086970.5826187,1.0
2023-07-18,49.80210826822954,49.87799893207415,49.185509289823145,49.280372619628906,3102468,152890779.08047485,1.0
2023-07-19,49.59341279711751,50.33333229845637,49.29934551998653,50.00131607055664,3874187,193714448.7034416,1.0
2023-07-20,49.99183022208116,50.08668993115813,48.568912873930834,48.66377258300781,4007145,195002792.98713684,1.0
2023-07-21,48.47404874725063,48.56891207343004,47.44955015517422,47.98077392578125,5710286,273983941.6175537,1.0
2023-07-24,48.047173775714505,48.43610434477996,47.53492269879932,47.838478088378906,2952765,141255783.75263214,1.0
2023-07-25,48.36970438618222,48.36970438618222,46.95627158857575,46.99421691894531,6523270,306555965.4008484,1.0
2023-07-26,46.95627229426216,47.88591119029249,46.576826222195685,46.82346725463867,3898020,182518811.82792664,1.0
2023-07-27,46.69066215737223,47.10804994119731,46.01714519935245,46.3301887512207,4443569,205871390.49907303,1.0
2023-07-28,46.1499534275331,46.453508834517145,45.56181166016886,45.74205017089844,8093706,370222705.9205017,1.0
2023-07-31,45.74204923253204,46.159437003906206,44.94521540087895,45.55232620239258,7561441,344441226.99214554,1.0
2023-08-01,45.55232703350371,46.76654865868468,45.43849466080946,46.36813354492188,5137697,238225420.60934448,1.0
2023-08-02,46.36813337808426,46.65271611812885,46.01714450065225,46.500938415527344,3147131,146344544.81659698,1.0
2023-08-03,46.37762123636583,46.70963747251485,46.11201114237952,46.33967590332031,2995902,138829127.71810913,1.0
2023-08-04,46.55785731502183,47.591840446238784,46.34916161289279,47.25034332275391,5582682,263783641.1617584,1.0
2023-08-07,47.25982449615979,48.47404605447814,47.25033997340167,47.838478088378906,5218921,249665237.90348053,1.0
2023-08-08,47.876426726513046,48.95784332898351,47.781563399045325,48.23689651489258,3945756,190331023.84501648,1.0
2023-08-09,48.06614519154107,48.09460599855032,46.937298757041205,47.12702178955078,3844846,181196141.2194672,1.0
2023-08-10,47.0511324251299,47.515953686648814,46.8044950091398,47.41160583496094,3356021,159114344.82585144,1.0
2023-08-11,47.47800725152142,48.12306339362554,47.259827029731184,47.35468673706055,3247020,153761614.92897034,1.0
2023-08-14,47.02267445352729,47.80053563849996,46.51042334576502,47.64875793457031,4005817,190872204.56318665,1.0
2023-08-15,47.8953995906538,47.94282944525141,46.87089736174889,47.544410705566406,2411038,114631380.89872742,1.0
2023-08-16,47.56338311463577,47.88591119029249,46.605287029733525,46.82346725463867,2999223,140434019.92985916,1.0
2023-08-17,46.67168876531483,47.17445172648888,46.23532832283677,47.06061935424805,2495580,117443540.44807434,1.0
2023-08-18,47.060621575111455,47.19342661877068,46.387108214459104,46.48196792602539,3193751,148451831.54571152,1.0
2023-08-21,46.481964642259534,47.76258875126364,45.912799175739,47.003700256347656,6181751,290565171.0633774,1.0
2023-08-22,47.62030007402583,47.79105044087074,45.83690936401552,46.70014572143555,4555261,212731352.4991722,1.0
2023-08-23,46.45351010089507,46.67169032944609,45.50489852354319,45.53335571289063,3765709,171465367.40823364,1.0
2023-08-24,45.53335364927429,46.85192310304799,45.43849394330463,46.40607452392578,4312720,200136405.7208252,1.0
2023-08-25,45.941258843581,46.434537296572216,44.77446704115918,45.10647964477539,4795157,216292651.61400223,1.0
2023-08-28,46.76654893202563,46.95627196673552,44.91675567626953,44.91675567626953,5996460,269341528.7425232,1.0
2023-08-29,44.67011804288207,46.06457817962472,44.67011804288207,45.24877166748047,4409058,199504458.7106781,1.0
2023-08-30,45.4669529366052,46.38710731944163,45.296202564147606,45.73256301879883,4003948,183110804.2339936,1.0
2023-08-31,45.55232464259669,46.00765772814047,45.25825377501676,45.46694946289063,4605682,209406310.73614505,1.0
2023-09-01,45.53335370281772,46.0076594705554,45.28671629580709,45.41952133178711,4643157,210889968.40833664,1.0
2023-09-04,45.43849446790851,45.52386965173322,43.92071382420989,44.88829803466797,6996840,314076239.22088623,1.0
2023-09-05,44.67960400594321,45.096995417420246,44.20529821556731,44.34759140014648,4590963,203598151.2571907,1.0
2023-09-06,43.99660138085165,44.33810209205774,43.52229564165775,43.598182678222656,6657579,290258345.4366989,1.0
2023-09-07,43.8827694082284,44.33810614389117,43.313603916648844,43.46538162231445,4646629,201967502.74231336,1.0
2023-09-08,43.446407192589376,43.797392444189136,42.93415609976866,43.152339935302734,2547709,109939604.8242302,1.0
2023-09-11,43.25668663481552,44.74600652710256,43.161826924206736,44.34759140014648,4823198,213897214.1460037,1.0
2023-09-12,44.1958140792613,44.74600691921237,44.11043889149886,44.57526016235352,2457738,109554310.7609024,1.0
2023-09-13,44.25272995057021,44.54679721310128,43.351548260535886,43.47486877441406,3094238,134521591.00680542,1.0
2023-09-14,43.27565504079303,43.92071114170087,43.27565504079303,43.82585144042969,2858000,125254283.41674805,1.0
2023-09-15,43.69304821594711,44.10095146185999,43.01953128190545,43.152339935302734,3725316,160756102.39842224,1.0
2023-09-18,42.953131101354245,43.389495177496464,42.602145830659545,43.00056457519531,4727015,203264313.75541687,1.0
2023-09-19,43.05747666172694,43.05747666172694,42.270130975471226,42.95312881469727,5817988,249900788.0063629,1.0
2023-09-20,43.11439540861698,43.58870118072791,42.29858890159964,42.355506896972656,2881361,122041505.70816804,1.0
2023-09-21,42.58317437155026,42.60214703789112,42.12784123536788,42.29859161376953,2814604,119053785.15048218,1.0
2023-09-22,42.40293648784136,43.20925484796992,41.625075315890136,43.11439514160156,4069863,175469681.55418396,1.0
2023-09-25,43.4274360917432,43.996605199374166,42.45036734217573,42.54522705078125,4138726,176083037.37097168,1.0
2023-09-26,42.53574266800303,43.51281142080054,42.45036748250945,42.97210311889648,4699965,201967380.63520432,1.0
2023-09-27,42.98158846263927,43.095420829664256,42.22269636603079,42.53573989868164,3368566,143284447.20754242,1.0
2023-09-28,42.564201652569714,42.97210493172853,42.07092318431565,42.85827255249024,4312640,184832300.54077148,1.0
2023-10-09,42.49779386095942,42.640087031365496,41.93811293931617,42.14680862426758,4911861,207019265.5560036,1.0
2023-10-10,42.15629376205016,42.36498945004679,41.8717110357511,42.04246139526367,2908111,122264144.45064165,1.0
2023-10-11,42.042462542561616,42.73494852229735,41.76736433154356,42.4598503112793,4453503,189095070.74083328,1.0
2023-10-12,42.54522761385586,43.2092564388806,42.4029380490644,42.64009094238281,3876690,165302414.15542603,1.0
2023-10-13,42.78237616130464,42.78237616130464,41.83376468439176,41.91913986206055,3555745,149053771.96882248,1.0
2023-10-16,41.8906836201972,42.59265772115237,41.681987932598105,42.108863830566406,3360581,141510247.72058868,1.0
2023-10-17,42.34602022196704,42.69700549226101,41.73890939162093,42.507286071777344,3062964,130198286.97555542,1.0
2023-10-18,42.30807507602294,42.35550855001795,41.31203363944978,41.68199157714844,2887720,120365920.71716309,1.0
2023-10-19,41.43535187173176,42.25115836557005,41.274086030112976,41.40689468383789,2340583,96916273.77978134,1.0
2023-10-20,41.15076961638304,41.46380954286125,40.06935303982327,40.31599044799805,5509819,222133810.1741981,1.0
2023-10-23,40.67646189391743,41.21717015624306,39.84168276560223,40.1357536315918,3537784,141991627.02578735,1.0
2023-10-24,39.99346421553896,40.52468800501774,39.1966303406538,39.64247894287109,6183516,245129902.8229065,1.0
2023-10-25,39.965003396618094,40.31598863741152,39.19662678104425,39.8701400756836,5151171,205377909.3237992,1.0
2023-10-26,39.75631052586152,40.07883860255774,39.41480978363424,39.87963104248047,3415737,136218331.2981491,1.0
2023-10-27,39.65195925580112,40.1357531384635,39.19662617831429,39.9744873046875,5688942,227412539.75610352,1.0
2023-10-30,39.86065840274882,41.6914790130232,39.71836522050671,40.93259048461914,5585536,228630457.7250977,1.0
2023-10-31,40.885156214774064,41.22665695056818,40.031407993954645,40.47725296020508,2959303,119784456.11689375,1.0
2023-11-01,40.56262778649933,40.70492096471419,39.57607453682894,39.82271194458008,3932693,156610500.50546646,1.0
2023-11-02,39.84168611274813,39.84168611274813,39.38635299141379,39.41481018066406,2114283,83334063.11320496,1.0
2023-11-03,39.39583509710074,40.031406694455846,39.28200272841988,39.63298797607422,4100089,162498778.03783417,1.0
2023-11-06,39.7847671912298,41.2646025151837,39.63298948764472,40.83772659301758,7334485,299523693.13058853,1.0
2023-11-07,40.7618396343876,41.16025475011808,40.458284226593165,40.77132415771485,3676669,149902663.61962128,1.0
2023-11-08,40.80926792725469,42.21321253926449,40.69543555835275,41.2456283569336,6516152,268762783.70928955,1.0
2023-11-09,41.24562750195573,41.805308430565184,40.89464226089528,41.5491828918457,3498602,145364054.36377716,1.0
2023-11-10,41.12230776532995,41.53021100664565,40.88515488636342,41.31203079223633,1908933,78861898.87631607,1.0
2023-11-13,41.5112408718856,41.520729014075314,40.86618833095804,41.02745056152344,3139919,128822871.53968813,1.0
2023-11-14,41.05590586316892,41.41637925781942,40.90412816310542,41.20768356323242,2049770,84466273.53740692,1.0
2023-11-15,41.5396979783356,41.700960194531504,40.79029403342776,40.8946418762207,3931261,160767510.71695328,1.0
2023-11-16,40.7428697028836,41.07488232160346,40.48674413187136,40.84721755981445,3011447,123009230.77885056,1.0
2023-11-17,40.828241368246616,41.63455972618925,40.629033814213614,41.00847625732422,3492003,143201722.11600494,1.0
2023-11-20,40.98950634403983,42.05195394087079,40.65749373169644,41.44483947753906,5575681,231083204.02296448,1.0
2023-11-21,41.55867537096593,41.83376998393405,41.00847890769755,41.15077209472656,3126501,128657930.10493468,1.0
2023-11-22,41.02744705217431,41.33100244029252,40.20215606689453,40.20215606689453,3310859,133103670.23348236,1.0
2023-11-23,40.09781123921976,40.543659832213926,39.63298998070819,40.43931198120117,2750160,111214578.2382202,1.0
2023-11-24,40.53417325797258,40.53417325797258,39.25354904467405,39.47172927856445,4474725,176625133.79602432,1.0
2023-11-27,39.27252022015017,40.62903504696079,39.27252022015017,39.87963104248047,3642216,145250230.25701904,1.0
2023-11-28,39.80373996103822,40.67646447294365,39.519157218402114,40.21164321899414,3083081,123975753.18725967,1.0
2023-11-29,40.16421355938692,40.401366449175775,39.50018474424495,39.51915740966797,4139966,163607968.02467346,1.0
2023-11-30,39.56658802286741,40.37291003481612,39.56658802286741,39.8416862487793,3601150,143475888.43479156,1.0
2023-12-01,39.651959522715245,41.2645997780025,39.651959522715245,40.8946418762207,4944276,202194396.357193,1.0
2023-12-04,41.40689607285118,43.16182601271498,41.40689607285118,42.54522705078125,9485521,403563644.6399536,1.0
2023-12-05,42.69700235553093,42.88672538074261,41.757878989665,41.776851654052734,6257224,261407118.81417847,1.0
2023-12-06,41.71045077449039,42.43139395618128,41.01796478116473,41.79582595825195,5886935,246049310.687542,1.0
2023-12-07,41.81479634458539,42.49779415879044,41.56815532997511,42.30807113647461,5972060,252666339.31129456,1.0
2023-12-08,43.48435431317109,44.698575959202856,42.73495030784451,44.518341064453125,12751158,567660400.81073,1.0
2023-12-11,44.47091281188181,45.56181398045293,43.82585663452407,45.45746612548828,9292958,422434323.4905853,1.0
2023-12-12,45.45746442871381,45.87485583299258,44.973674123086816,45.63770294189453,5169478,235923101.32865903,1.0
2023-12-13,45.63770334292784,45.8179382390264,45.10647955948045,45.172882080078125,3956472,178725243.10913086,1.0
2023-12-14,45.40054990980172,45.514382283948805,44.78395094739532,45.2108268737793,3519029,159098210.8828087,1.0
2023-12-15,45.201340507218845,45.45746243393951,44.19581099036826,44.40450668334961,6209389,275724855.35001755,1.0
2023-12-18,44.40450590641713,45.61872747633841,44.20529473993602,44.64165878295898,5837129,260579121.0901146,1.0
2023-12-19,44.75549499519348,45.229800789022434,44.50885395594945,45.00213241577149,3421301,153965840.6362114,1.0
2023-12-20,45.24877470658582,45.438497753098304,44.243245093135954,44.43296813964844,4080748,181319745.86993408,1.0
2023-12-21,44.2052968944541,45.02110340850613,43.977632148330585,44.62268829345703,4101908,183038162.0924377,1.0
2023-12-22,44.62269172826131,44.821899301119736,44.25273377333389,44.39502334594727,4382323,194553331.8944817,1.0
2023-12-25,44.45193817630898,45.02110366350743,44.33810580260247,44.42348098754883,3966178,176191432.97623444,1.0
2023-12-26,44.73652041538171,44.85035278780445,43.86379952903094,44.821895599365234,3972566,178057938.51358795,1.0
2023-12-27,44.859841831975146,45.723078212430046,44.679603318459385,45.5713005065918,5395343,245872797.1891365,1.0
2023-12-28,45.5807866836704,46.67169147179269,45.17288340593188,45.95074462890625,6062555,278578916.60369873,1.0
2023-12-29,45.96023135501792,46.79501055102108,45.69461765435066,46.29224395751953,6473935,299692978.3851242,1.0
2024-01-02,46.102518387113534,46.24481156246434,45.09699249267578,45.09699249267578,4566721,205945382.65314484,1.0
2024-01-03,45.106482065012656,45.50490082939569,44.02506539101984,44.39502334594727,6144771,272797252.0004997,1.0
2024-01-04,44.461425870233406,44.76498130087468,44.11044058205434,44.39502334594727,3316693,147244663.16633987,1.0
2024-01-05,44.46142440355209,44.736522634329056,43.92071608439242,44.24324417114258,4046849,179045728.43074417,1.0
2024-01-08,44.243242269662304,44.2527304116488,43.1143958238852,43.503326416015625,5688954,247488422.8276977,1.0
2024-01-09,43.44640781621208,43.85431106797994,42.640089454530965,43.04799270629883,5352520,230415241.9203186,1.0
2024-01-10,42.75391925536505,43.17130700522446,42.52625452586559,42.83929443359375,3654580,156559628.65112305,1.0
2024-01-11,42.687519443538,43.010047512969145,42.5452262645932,42.78237915039063,4359025,186489460.2760315,1.0
2024-01-12,42.65906181363274,42.877242032068,41.795825463012456,42.19424057006836,6440603,271756352.398304,1.0
2024-01-15,42.18475848201946,42.346020715041504,41.71045268795553,41.9760627746582,5145226,215976329.5658036,1.0
2024-01-16,41.96657789863709,42.03298041975524,40.68595009421705,41.18871307373047,8002019,329592864.6015396,1.0
2024-01-17,42.42190814790867,42.46933799996928,40.752349853515625,40.752349853515625,6095257,248396045.7110901,1.0
2024-01-18,40.1167846172745,41.54918651195387,39.9365461009908,41.3215217590332,6506986,268878563.5847244,1.0
2024-01-19,41.16974017087431,41.71993295413537,40.98950167157697,41.38792037963867,4676294,193542083.74378204,1.0
2024-01-22,41.18871228037301,41.6535335379129,40.08832301332541,40.50571441650391,4917213,199175225.5031204,1.0
2024-01-23,40.45828585213234,40.98002150407478,40.08832429151922,40.79029846191406,4725967,192773604.45115665,1.0
2024-01-24,40.88515729307766,41.26460336922659,40.31599179752023,41.09385299682617,4294982,176497358.93201447,1.0
2024-01-25,41.09384958351838,42.49779415879044,40.67646182935609,42.30807113647461,5369867,227188715.0294075,1.0
2024-01-26,42.1088651413609,42.78237845763999,42.02348995910962,42.39344787597656,4157065,176232318.3945465,1.0
2024-01-29,42.22269739789012,42.67803411444923,40.89464343370105,40.980018615722656,5776644,236726978.6564026,1.0
2024-01-30,40.91361531295331,41.26460055734108,40.07883617350944,40.09780883789063,3775659,151395652.81906128,1.0
2024-01-31,39.88911545184858,40.24010071650476,38.89307403564453,38.89307403564453,5939846,231018870.23832703,1.0
2024-02-01,38.798214326926406,39.376864339972464,37.65987972897923,38.89307403564453,6472572,251738221.9970398,1.0
2024-02-02,39.04485188530569,39.41480981680797,35.76265673765381,37.70730972290039,7949059,299737629.71860886,1.0
2024-02-05,37.821144192460906,38.6369507628418,36.39822676561037,37.75474166870117,9197508,347249538.5358124,1.0
2024-02-06,38.03932171269192,40.97053154733605,37.764227113340695,40.90412902832031,8636233,353257588.9506378,1.0
2024-02-07,41.02745064702319,41.6250769529115,40.25907396802392,40.9610481262207,7270291,297798739.54262924,1.0
2024-02-08,40.87566957624842,41.501753019916535,39.94603074284217,40.4298210144043,8169522,330292312.2332382,1.0
2024-02-19,41.25511906699173,41.50175648474519,40.60057476305752,41.45432662963867,6973749,289092068.87911606,1.0
2024-02-20,41.10334117279692,41.12231021982059,39.65196300619981,40.53417205810547,6689120,271137940.99731445,1.0
2024-02-21,39.936546886148186,40.71440810814098,39.60453427383397,40.03141021728516,6103351,244325747.5810776,1.0
2024-02-22,40.59108949121577,41.64404890103281,40.33496393596303,41.131797790527344,6710310,276007114.03175354,1.0
2024-02-23,41.26460434578698,41.58713243254667,40.24959022953332,40.72389602661133,5346872,217745459.39559937,1.0
2024-02-26,40.75235390775413,42.089896133456506,40.4677711484131,41.60610580444336,8754159,364226465.5829201,1.0
2024-02-27,41.16025414914064,43.21874307302332,41.036933635691646,43.04799270629883,9093011,391435871.206295,1.0
2024-02-28,43.228230235548246,44.30016235461843,42.81084243510765,43.05747985839844,11225726,483351471.14089966,1.0
2024-02-29,42.753925668209696,44.39502334594727,42.70649581067191,44.39502334594727,7996195,354991263.7037468,1.0
2024-03-01,44.48039601509611,45.07802231845421,43.74048014719197,44.67960357666016,9203252,411197650.9761048,1.0
2024-03-04,44.6321746925637,45.05905063281835,43.96814585424159,44.30964660644531,8287318,367208131.8952332,1.0
2024-03-05,44.03454779415766,44.66063491069954,43.636132667630285,43.85431289672852,7526131,330053303.7757683,1.0
2024-03-06,44.072491411329125,44.15786659493032,43.22822771719836,43.34206008911133,7763346,336479408.8245621,1.0
2024-03-07,43.54127196602367,44.15786730761414,42.127839152184286,42.25115966796875,9979465,421643969.11590576,1.0
2024-03-08,42.45036433165728,42.66854454090972,41.549182689151536,41.88119888305664,9709530,406646756.99100494,1.0
2024-03-11,41.73890983400702,41.79582783195498,40.79978277052881,41.48278427124024,10036395,416337608.6459541,1.0
2024-03-12,41.60610223642655,41.85273964172692,41.19819898950741,41.40689468383789,8614626,356704911.5226517,1.0
2024-03-13,41.73890929291445,42.00451937589624,40.82824304954888,41.520729064941406,12271092,509504686.26297,1.0
2024-03-14,40.90412898821418,42.45036682663424,40.88515632299031,42.02349090576172,15805711,664211152.467598,1.0
2024-03-15,42.0234929870896,42.0234929870896,40.01243741641216,40.657493591308594,16745773,680841158.4290085,1.0
2024-03-18,40.63851811968882,40.63851811968882,38.418766993117615,39.52864074707031,26605232,1051668657.720459,1.0
2024-03-19,38.95947352404963,39.36737675339736,38.722320652041205,39.215599060058594,12782239,501263159.7138443,1.0
2024-03-20,39.272519629463936,39.632989413134624,39.03536674189149,39.42429733276367,11132910,438907154.018898,1.0
2024-03-21,39.44326969786506,39.66144991853156,38.418767494388426,38.5705451965332,14835672,572219957.3969421,1.0
2024-03-22,38.27647602341441,38.38082387679495,37.0717424943828,37.470157623291016,16220955,607801740.6503105,1.0
2024-03-25,37.45118526334646,37.54604859386115,36.71126937866211,36.71126937866211,11577025,425007283.3785057,1.0
2024-03-26,36.98636878617221,37.36581126430782,36.36976978353587,36.56897735595703,9513460,347897503.316803,1.0
2024-03-27,36.47411527260362,36.568974981311165,35.6583087505214,35.66779327392578,9703601,346106034.4806595,1.0
2024-03-28,35.56344887660874,36.711267992501256,35.01325243639624,36.49308776855469,13565876,495060703.5253296,1.0
2024-03-29,36.24644667742345,36.34131000419982,35.29783512165524,35.99980926513672,6484762,233450195.1298065,1.0
2024-04-01,36.04723764138093,36.23696066848977,34.776098064017184,35.28834915161133,23967409,845770297.0514717,1.0
2024-04-02,35.07017021299903,35.098627401567754,33.52393237100081,33.96029281616211,27552827,935702072.8330574,1.0
2024-04-03,33.75159987654477,34.652777932500435,33.46701352343688,34.26384735107422,16225702,555954976.4920197,1.0
2024-04-08,34.150016137104586,35.411671248018365,33.86543339302856,34.81404495239258,17420217,606468217.7184334,1.0
2024-04-09,34.81404557755147,36.75869858543482,34.81404557755147,36.68280792236328,22114595,811225440.6658554,1.0
2024-04-10,36.787152976544405,37.47963894040142,36.33181988874798,36.80612564086914,16841010,619852329.9791336,1.0
2024-04-11,36.616404979311135,37.052769049609104,36.094669342041016,36.094669342041016,11595517,418536351.9650154,1.0
2024-04-12,36.05672056830992,36.2843889144961,35.136569898360406,35.202972412109375,10160127,357666670.4845276,1.0
2024-04-15,35.108112363164835,36.4741153301714,35.03222531981221,36.16107177734375,10978640,396999389.0576172,1.0
2024-04-16,36.047237722379045,36.51205895890687,35.63933447971149,35.7816276550293,8963739,320737171.29486465,1.0
2024-04-17,35.67728408196115,36.33182480575162,35.67728408196115,36.303367614746094,7934300,288041809.66567993,1.0
2024-04-18,36.18953320916312,36.46462781706064,35.81957165344013,36.05672454833984,6407619,231037753.2937088,1.0
2024-04-19,36.085184303538405,36.24644653040527,35.449612682045355,35.572933197021484,6527935,232217795.66949844,1.0
2024-04-22,35.430641975799844,35.696255685716736,34.68124155853278,35.19348907470703,7270770,255883764.55970764,1.0
2024-04-23,34.908905591234245,35.43064123905626,34.52946312857551,35.00376892089844,6017079,210620442.89479065,1.0
2024-04-24,35.620360696232495,38.41876531314535,35.620360696232495,38.02983474731445,21815231,829629629.9044914,1.0
2024-04-25,37.86857404962269,37.953949239980375,37.00533762208001,37.75474166870117,10435009,393971069.10557175,1.0
2024-04-26,37.56501437388732,38.03932012920744,37.56501437388732,37.72628021240234,7412513,279646542.51607513,1.0
2024-04-29,38.39979179550214,38.89307019316755,37.75473570768319,38.33338928222656,11864150,454793080.4527283,1.0
2024-04-30,38.33339351528768,39.61401769120774,38.23853380546618,38.921531677246094,11359547,442130968.3996658,1.0
2024-05-06,32.80614723394642,33.56503572714246,32.61642420598096,33.13025665283203,11597845,384239581.4697647,1.0
2024-05-07,33.28045406048891,33.28045406048891,32.007733079676974,32.13421630859375,10689025,343483441.4779663,1.0
2024-05-08,31.60457344047695,32.0156394052253,31.47018704718089,31.6282901763916,7295552,230745835.6529541,1.0
2024-05-09,31.50180701077503,31.7547698468064,31.446473991309244,31.644100189208984,6515631,206181280.15991592,1.0
2024-05-10,31.65200411924233,31.83382398911024,31.15398522003704,31.6203842163086,6622000,209390184.2803955,1.0
2024-05-13,31.31208582727711,31.77058167314648,31.264655971221533,31.462282180786133,7314339,230125797.58392903,1.0
2024-05-14,31.46227988243235,32.13421545946528,31.42275681460627,31.580856323242188,7321995,231234872.09449768,1.0
2024-05-15,31.38323214147254,31.580858349278834,30.76663678090385,30.77453994750977,5931273,182532197.8780861,1.0
2024-05-16,31.09074557459322,31.16188854722825,30.44252670510905,30.82987594604492,7417304,228674562.1741028,1.0
2024-05-17,30.82987381915948,31.43065917388549,30.569004208608,31.37532615661621,6393884,200610195.9075699,1.0
2024-05-20,31.36742116548193,32.157933208229785,31.31999131139688,31.78639030456543,8315202,264310256.23330307,1.0
2024-05-21,31.78639038607359,32.58480559721667,31.75477048326914,32.19745635986328,7764818,250007388.69728088,1.0
2024-05-22,32.01563922782735,32.40298845451476,31.69943297115801,32.189552307128906,6270870,201856497.87620544,1.0
2024-05-23,32.165835361192464,32.52946784972087,31.501806568924227,31.580856323242188,5566168,175784351.87902832,1.0
2024-05-24,31.72315150108813,31.81010804565685,30.829876555608365,30.98797607421875,5809158,180014049.11535645,1.0
2024-05-27,30.829875846754167,31.69943403511609,30.81406589525664,31.636194229125977,5007404,158415205.52770233,1.0
2024-05-28,31.57295496246847,31.64410155475565,30.77453973287384,30.9405460357666,6229339,192739150.1018963,1.0
2024-05-29,30.82987588474455,31.17769843678474,30.60062615974897,30.81406593322754,4052520,124874618.47572328,1.0
2024-05-30,30.608531717690617,31.35951704997113,30.48204849195952,31.15398406982422,5062485,157716577.04372406,1.0
2024-05-31,31.26465606689453,31.83382519730135,31.23303616276072,31.26465606689453,5841829,182642774.4866104,1.0
2024-06-03,31.217224089600887,31.620383267912946,31.011691108030234,31.59667015075684,5601283,176981891.3720417,1.0
2024-06-04,31.69943216506452,32.142118018211754,31.312082948227125,32.03144836425781,6930798,222003498.2601013,1.0
2024-06-05,32.023544597496034,33.06701952644032,31.76267857925951,32.66386032104492,8466223,276539525.5188179,1.0
2024-06-06,32.81405449975138,33.03539743251188,32.39508537007345,32.64804458618164,7423722,242370006.8514176,1.0
2024-06-07,32.648046628739976,32.90101309800615,32.33184397015634,32.63224029541016,7512038,245134629.12425232,1.0
2024-06-11,32.25279414272639,33.16978583123388,32.25279414272639,33.059112548828125,9295332,307295426.76672363,1.0
2024-06-12,33.49859828487602,33.49859828487602,32.81495266159918,33.20560836791992,7636756,253583128.93736267,1.0
2024-06-13,33.11770911857221,33.2544374902625,32.78565290493777,33.22513961791992,5484205,182213476.81829453,1.0
2024-06-14,33.05910881890988,33.283738253129656,32.619625842522474,32.980979919433594,8375281,276224974.4806137,1.0
2024-06-17,32.89308348709635,33.40093438720219,32.5707919882418,33.02981185913086,5922009,195602843.09807968,1.0
2024-06-18,33.098178859075425,33.31303987657875,32.863788408680016,33.17631149291992,3486127,115656835.25587843,1.0
2024-06-19,33.17631068471604,33.283741190850606,32.65869131202851,32.8149528503418,3629201,119092059.6994133,1.0
2024-06-20,32.70752543698622,32.79542278343496,32.13131032705978,32.29733657836914,5056218,163302374.55960846,1.0
2024-06-21,32.30710302949117,32.51219558337935,32.053175721808856,32.43406295776367,4591145,148909485.9782219,1.0
2024-06-24,32.26803679643723,32.707523502690044,32.1313084268405,32.23873519897461,6215315,200373894.46321487,1.0
2024-06-25,32.238736733637204,32.42429986598213,31.066775232481284,31.271869659423828,6858284,214471363.3353119,1.0
2024-06-26,31.4476657803632,32.199675608709185,31.076543224365537,32.111778259277344,4716631,151459408.80283356,1.0
2024-06-27,32.0824758451755,32.44383367565511,31.80901908746675,31.867618560791016,4207766,134091481.88106535,1.0
2024-06-28,31.809017520760086,32.10200742181281,31.06677432693759,31.183971405029297,7020188,218917341.8499298,1.0
2024-07-01,31.17420482662296,31.379299247587348,30.431961632800466,31.183971405029297,6086839,189811813.32301712,1.0
2024-07-02,31.42813058144516,31.535561082171768,30.4807929574764,30.637056350708008,4945673,151520862.39317513,1.0
2024-07-03,30.27570161591172,30.402663415966188,28.7326175435476,30.09990692138672,11546054,347535150.7093048,1.0
2024-07-04,29.99247665075438,30.265935273573312,29.6506557007113,29.6897201538086,5216013,154861966.28862762,1.0
2024-07-05,29.6897201538086,29.6897201538086,29.6897201538086,29.6897201538086,0,0.0,1.0
2024-07-08,30.109672768540456,30.256167722822944,29.406495870313865,29.73855209350586,6765848,201206523.20474243,1.0
2024-07-09,29.406495135987644,29.64088742954336,28.98654157815617,29.29906463623047,9522630,279004151.87690735,1.0
2024-07-10,29.142803107193323,29.44555958685475,28.849813205944763,29.29906463623047,4852253,142166474.2783432,1.0
2024-07-11,29.63112204176589,30.57845783246741,29.259999498301983,30.56869125366211,8595047,262739338.05371475,1.0
2024-07-12,30.36359901049951,30.529627126389176,29.71901970475949,30.002243041992188,7293328,218816199.2409668,1.0
2024-07-15,29.885047274202204,29.894813852932952,29.21116824405605,29.3088321685791,4507432,132107567.99928284,1.0
2024-07-16,29.220934471238778,30.002242132454622,29.00607533010052,29.93387794494629,7793063,233276596.65927696,1.0
2024-07-17,29.797150427242688,30.392898700300684,29.631122311609367,30.08037376403809,7105025,213721807.6028347,1.0
2024-07-18,30.09990583731867,30.451495213705947,29.601821508364825,30.34406471252441,5147819,156205752.86436272,1.0
2024-07-19,30.17803710564816,31.32070073515953,30.090139760086945,31.13513946533203,8264341,257311409.6240616,1.0
2024-07-22,31.545326411668384,31.6918232292494,30.72495242946616,31.252336502075195,8378065,261834106.61625865,1.0
2024-07-23,31.105841956890387,31.183972724663047,30.48079395192465,30.54916000366211,5950544,181784120.7648316,1.0
2024-07-24,30.373365041703025,31.037477493286133,30.295234274621745,31.037477493286133,6966465,216221500.6452656,1.0
2024-07-25,30.86168206682832,30.86168206682832,29.806915804953203,30.57845687866211,6733055,205886431.9791603,1.0
2024-07-26,30.392898067925795,31.27186965949072,29.816682964645416,31.23280334472656,7175935,224124566.6695404,1.0
2024-07-29,30.93981365915532,31.36953194796593,30.66635504217947,30.861682891845703,5207404,160709250.93772888,1.0
2024-07-30,30.812849863660347,31.21327027722388,30.40266287137765,31.057008743286133,4108755,127605639.9590206,1.0
2024-07-31,30.969111220221794,31.4476642607977,30.81284968717904,31.38906478881836,9017890,283063133.4684372,1.0
2024-08-01,31.36953237215418,31.36953237215418,30.080373762721056,30.138973236083984,10035900,302471721.50001526,1.0
2024-08-02,29.865513713877192,30.148738904895087,29.41626227502944,30.051074981689453,7786009,233977940.2671089,1.0
2024-08-05,29.767850690559943,30.2854681952484,29.51392522766284,30.08037376403809,8783252,264203503.02373505,1.0
2024-08-06,30.12920679772871,30.217104145398643,29.55299167979667,29.885047912597656,3984952,119090481.44940186,1.0
2024-08-07,29.885048006457748,30.383132357223563,29.72878646850586,29.72878646850586,2896374,86105684.17893219,1.0
2024-08-08,29.67995248923386,30.041308446784964,29.259998922787904,29.914344787597656,3960633,118479741.13913728,1.0
2024-08-09,30.03154282432822,30.38313221446016,29.62135582343577,29.963178634643555,3707637,111092589.74341393,1.0
2024-08-12,29.88504695887672,30.03154191272337,29.55299073667264,29.875280380249023,2872269,85809841.70249748,1.0
2024-08-13,29.71901984274416,30.00224318129185,29.60182275807253,29.80691719055176,1858181,55386647.192056656,1.0
2024-08-14,29.82644952830817,29.82644952830817,29.44556041068724,29.50415802001953,2755799,81307529.1674118,1.0
2024-08-15,29.37719604703452,30.05107507007249,28.908411449610025,29.894813537597656,4565450,136483276.46522522,1.0
2024-08-16,29.78738412731382,29.96317882348775,29.51392550406722,29.631122589111328,4246413,125825984.166996,1.0
2024-08-19,29.48462585787822,29.777615758703185,29.25023356466138,29.377195358276367,3668434,107768302.2769432,1.0
2024-08-20,29.3381310358654,29.3381310358654,28.713083055100576,29.162336349487305,5219646,152217072.277256,1.0
2024-08-21,28.95724283028802,29.38696298118475,28.791214717176857,29.191635131835938,3682680,107503450.86730956,1.0
2024-08-22,29.18186855309005,29.504158200566497,28.83028103216039,29.191635131835938,3114111,90905992.07203674,1.0
2024-08-23,29.01584052958169,29.152570769661864,28.703317459886044,29.09397315979004,7137186,207649097.92042923,1.0
2024-08-26,28.986541556485548,29.074438899351275,27.45322413971464,27.531354904174805,7526622,207218101.51157,1.0
2024-08-27,27.443459044688343,28.478692195438207,27.37509485493852,28.21500015258789,6825947,192594095.64655685,1.0
2024-08-28,28.68378556950127,28.68378556950127,27.60948614264192,28.42009353637696,5091070,144688685.6002426,1.0
2024-08-29,28.390794707776315,28.72285093873851,28.273599486721693,28.46892547607422,5541694,157766073.49720764,1.0
2024-08-30,28.44939132245045,28.83028043450633,28.234532182848348,28.595888137817383,7660458,219057600.05244827,1.0
2024-09-02,28.56658857756867,28.56658857756867,28.03920450969243,28.22476577758789,5805330,163854079.5116043,1.0
2024-09-03,28.22476543435308,29.1721030567324,27.98060656059088,28.908411026000977,6476080,187213182.4772644,1.0
2024-09-04,28.713082970948985,29.513923772960453,28.68378509849475,29.29906463623047,5812815,170310042.40345,1.0
2024-09-05,29.38696223927533,29.55299034819492,28.683785352384128,28.84981346130371,5539422,159811291.38344193,1.0
2024-09-06,28.82051394395785,29.00607521128064,28.17593466039912,28.42009353637696,4891476,139016205.450943,1.0
2024-09-09,28.332196191598573,28.57635506757293,27.89270946973097,28.381027221679688,6035314,171288410.92538452,1.0
2024-09-10,28.10757132455011,28.879112427362195,28.10757132455011,28.605655670166016,4482739,128231688.29322432,1.0
2024-09-11,28.488458360179745,29.12327107935013,28.439627329006807,28.976776123046875,4163933,120657354.33236694,1.0
2024-09-12,28.976775169576765,29.39672872986959,28.615419217320223,28.986541748046875,3209087,93020334.2986145,1.0
2024-09-13,29.10373820048117,29.1525710949062,28.49822521188648,28.507991790771484,3216886,91706959.67984772,1.0
2024-09-18,28.615420340238348,28.8791123809259,28.2052333423192,28.68378639221192,4070316,116752074.69280244,1.0
2024-09-19,28.683785658024856,28.80098087569664,27.89270955621049,28.22476577758789,8038768,226892343.94036865,1.0
2024-09-20,28.19546909311207,28.49822559144169,27.58018765465325,27.84387969970703,7143738,198909381.4782257,1.0
2024-09-23,28.74238264113524,28.752149219526,27.580185891615525,27.629018783569336,8324890,230008542.18114853,1.0
2024-09-24,27.63878507973581,28.19546890313781,26.82817765479048,28.17593574523925,14165118,399115454.591732,1.0
2024-09-25,28.224766968756484,28.9670102088788,27.67785158337643,27.80481338500977,25698856,714551895.2882385,1.0
2024-09-26,27.697383791411685,27.81457901000977,26.91607426202536,27.81457901000977,27502066,764958387.6955032,1.0
2024-09-27,28.195469009518536,29.72878651743536,28.175935851546285,29.592056274414062,28546174,844739987.4272156,1.0
2024-09-30,31.252336950030013,32.35593614173724,30.69565499615312,32.219207763671875,51380408,1655436040.3342285,1.0
2024-10-08,35.44210406837556,35.44210406837556,31.506260372349352,34.10411071777344,68613301,2339995614.015915,1.0
2024-10-09,33.01027997300844,33.01027997300844,30.754252433674992,30.76401901245117,46599930,1433601132.4988935,1.0
2024-10-10,30.666354908264857,31.740654351169,30.178037149016102,31.0960750579834,27062538,841538712.9075279,1.0
2024-10-11,31.008176740563613,31.008176740563613,28.83028004963322,29.3185977935791,29269922,858153070.5674324,1.0
2024-10-14,29.31859883767984,29.4943935298063,27.81457923862853,29.172103881835938,34319252,1001164784.4909058,1.0
2024-10-15,29.084207292855265,29.435794823475824,27.78528208840102,27.84387969970703,37966820,1057143568.6604308,1.0
2024-10-16,27.35556139356959,27.55088738171853,26.85747705019547,27.130935668945312,27442332,744536144.0978394,1.0
2024-10-17,27.345794723006765,28.000140599818664,27.04303823158169,27.28719711303711,25965590,708528172.4863052,1.0
2024-10-18,27.150467491247948,28.30289773601673,26.93560834127484,27.863412857055664,37782497,1052749312.681467,1.0
2024-10-21,27.94154320934481,29.074440279174706,27.69738432597139,28.605655670166016,34025814,973330719.1811142,1.0
2024-10-22,28.34196272682868,28.615419475319754,27.97084019275595,28.47869110107422,20353089,579629334.5836716,1.0
2024-10-23,28.507990793710977,28.781447541789223,28.175934574372206,28.595888137817383,20655737,590669144.6561756,1.0
2024-10-24,28.63495290003777,28.67401921463552,27.98060703280076,27.990373611450195,17118550,479154610.18629074,1.0
2024-10-25,27.92200929202064,28.449391497112483,27.765747759935323,28.22476577758789,19685373,555615042.1694527,1.0
2024-10-28,28.31266303465417,28.420093536174665,28.048971001531736,28.40056037902832,17703513,502789689.8774128,1.0
2024-10-29,28.46892571055176,28.68378672222898,28.03920554998179,28.078271865844727,17983940,504957956.5390396,1.0
2024-10-30,27.707150119844258,27.707150119844258,26.242196861108667,26.55471992492676,47994047,1274468476.1487713,1.0
2024-10-31,26.398459483898023,26.457057095089283,25.76364488865224,26.251962661743164,32332404,848789062.5723953,1.0
2024-11-01,26.066402215243265,26.896542769127013,25.97850487055061,26.47658920288086,24557033,650186474.782589,1.0
2024-11-04,26.486355914732545,26.66214874221781,25.958971843923536,26.183597564697266,29372692,769082746.7198029,1.0
2024-11-05,26.1738306401444,27.013737765762347,25.9589715008678,26.886775970458984,35325803,949796951.237568,1.0
2024-11-06,26.945374442759405,27.45322536582416,26.65238452864444,27.03327178955078,33216464,897949699.1998291,1.0
2024-11-07,26.85747665269013,27.88294319795181,26.66214880464772,27.873178482055664,33908854,945147539.6639673,1.0
2024-11-08,28.30289619870168,29.611587911055405,28.009906295308497,28.86934471130371,52466510,1514673762.9890633,1.0
2024-11-11,28.957242522819577,29.81668281548749,28.63495287876521,29.797149658203125,54023912,1609758590.9855957,1.0
2024-11-12,30.168270653011145,30.168270653011145,28.93770967279625,29.191635131835938,44422120,1296754318.8226318,1.0
2024-11-13,29.113503372473964,29.45532616579296,28.869344500501025,29.3185977935791,25938569,760482471.8519993,1.0
2024-11-14,29.328364898160387,29.34789619255251,28.263832048237266,28.322429656982425,25718185,728401485.5677605,1.0
2024-11-15,28.30289764172843,28.92794565710475,27.94154353330544,27.980607986450195,22227982,621952450.6718712,1.0
2024-11-18,27.98060650724497,28.09780358605252,26.857476062637023,27.160232543945312,23083026,626940353.9779358,1.0
2024-11-19,27.150465881154265,27.47275551839355,26.779345214521047,27.35556030273437,17465787,477786389.5132141,1.0
2024-11-20,27.36532683811454,27.589952553428187,27.19929873053829,27.41415786743164,16107071,441561787.17593,1.0
2024-11-21,27.4336909812933,27.521588324153868,27.1602323743066,27.472755432128903,14129861,388186215.5429764,1.0
2024-11-22,27.48252287474441,28.703317271991896,27.326261340919487,27.638784408569336,32027263,885194617.2535496,1.0
2024-11-25,27.785280483885472,28.22476533747837,27.06256858077965,27.29696273803711,19771191,539693464.0136147,1.0
2024-11-26,27.228597919281583,27.32626184542136,26.642618088011872,26.740280151367188,16852588,450642924.3955689,1.0
2024-11-27,26.710981959956705,27.30672836303711,26.47658965767819,27.30672836303711,13267310,362286830.2782059,1.0
2024-11-28,27.20906648347084,27.50205639758944,27.00397205336027,27.01373863220215,11468572,309809006.49259186,1.0
2024-11-29,27.0821026389292,27.619253294908496,26.964907419184776,27.365327835083008,13601634,372213173.5028114,1.0
2024-12-02,27.50205508350973,27.716914219411525,27.160232291514426,27.648550033569336,15360168,424686373.4720306,1.0
2024-12-03,27.66808428025465,27.736448468789927,27.257897286258565,27.443458557128903,11955432,328098402.62457275,1.0
2024-12-04,27.37509363160285,27.531355161986458,26.86724272646396,27.00397109985352,12577877,339652627.00551224,1.0
2024-12-05,27.05280394962441,27.287196244829733,26.9844379002532,27.101634979248047,7359182,199445864.3098526,1.0
2024-12-06,27.10163584155135,27.39462575418408,26.91607457006559,27.28719711303711,12112592,330518685.4537964,1.0
2024-12-09,27.257897468709785,27.47275661451373,27.033271744080505,27.091869354248047,11464551,310596117.8971138,1.0
2024-12-10,27.64855029138577,27.785280527129483,27.16023254477741,27.19929885864257,16980955,461870069.950161,1.0
2024-12-11,27.21883270065512,27.7169151754818,27.17976638580668,27.638784408569336,16696858,461480858.5624962,1.0
2024-12-12,27.6485510319686,27.6485510319686,27.296963511686474,27.619253158569336,12999912,359047860.5671234,1.0
2024-12-13,27.492289818406743,27.492289818406743,27.003972053025507,27.03327178955078,16669624,450634476.22161865,1.0
2024-12-16,27.03327105467748,27.13093497765572,26.56448645972321,26.632850646972656,12283249,327137936.07657623,1.0
2024-12-17,26.64261718188116,26.925840508991,26.42775617912432,26.710981369018555,9389784,250810345.4831085,1.0
2024-12-18,26.83794417050097,26.867243907279764,26.56448741170343,26.603551864624023,8817032,234564368.10404968,1.0
2024-12-19,26.36915872841313,28.66425254585041,26.261728226391543,28.18570137023925,39499684,1113326297.4428177,1.0
2024-12-20,27.84387865732692,28.30289667714483,27.73644815496733,28.009906768798828,26439021,740554513.2683144,1.0
2024-12-23,28.02944038390859,28.09780457278697,27.08210273006693,27.150466918945312,18296835,496767613.3889008,1.0
2024-12-24,27.150466873199097,27.34579472348059,26.925841149324484,27.248130798339844,14439897,393460202.1705551,1.0
2024-12-25,27.248130356084147,28.40056055591447,27.16023301116256,28.068504333496094,32344023,907848349.7381972,1.0
2024-12-26,28.11733737662052,29.91434501081893,27.853645340449425,29.582290649414062,54809489,1621390233.943863,1.0
2024-12-27,29.57252328541912,30.129205216252267,29.05490580550852,29.181867599487305,33062149,964815254.6725216,1.0
2024-12-30,30.08037326034812,30.246401373201333,29.299065589735605,29.32836532592773,25541848,749100649.2433167,1.0
2024-12-31,29.33813134178914,29.914344573570613,28.57635498046875,28.57635498046875,27215931,777732105.3799438,1.0
2025-01-02,28.58612233652904,28.75215045071272,26.91607461588325,27.150466918945312,28255622,767153330.3852234,1.0
2025-01-03,27.15046734122835,27.32626203695521,26.37892623116367,26.4277572631836,20323780,537111924.5103455,1.0
2025-01-06,26.56448745889117,26.896543691836143,26.242197804889805,26.50588798522949,16260052,430987116.9460068,1.0
2025-01-07,26.515654242749243,27.28719720488179,26.2421974867808,27.11140251159668,16247100,440481667.7461624,1.0
2025-01-08,26.89654276885943,26.89654276885943,25.822243338125528,26.4375228881836,22400483,592213282.0188675,1.0
2025-01-09,26.369159605587843,26.69144925958921,26.17383175228452,26.50588798522949,10870849,288141505.89834404,1.0
2025-01-10,26.40822523838441,26.51565387841687,25.998038247283382,26.0468692779541,13308289,346639263.8962345,1.0
2025-01-13,25.87107530134419,26.56448750527576,25.85154214342285,26.447290420532227,11523593,304767810.7590122,1.0
2025-01-14,26.447289965197708,27.316494987103034,26.42775680761267,27.248130798339844,18838928,513325574.2445069,1.0
2025-01-15,27.22859768636277,27.62901996638898,27.013738540920787,27.170000076293945,15535111,422088967.0552349,1.0
2025-01-16,27.316495125162625,27.629020059749426,26.85747709630097,27.01373863220215,11370803,307167900.2802601,1.0
2025-01-17,26.92584128574396,27.25789751523419,26.8770102543184,26.99420547485352,8386947,226398970.62470627,1.0
2025-01-20,27.169999165060965,27.316494116712068,26.964906605306293,27.06256866455078,9445441,255617895.6294632,1.0
2025-01-21,27.17000003031336,27.66808437201654,26.623084657432862,27.28719711303711,13505351,368523174.8177528,1.0
2025-01-22,27.14070167401842,28.302896587871565,27.062569045069232,28.146635055541992,29265516,823725798.5641251,1.0
2025-01-23,28.263832452335063,28.60565525667372,27.5411223915306,27.619253158569336,22277931,615299816.1381397,1.0
2025-01-24,27.49228976395404,28.93770989955136,27.482523185131623,28.800981521606445,28354588,816639965.0407639,1.0
2025-01-27,28.791214296948446,28.94747582903297,28.136868432800327,28.20523262023925,16871374,475861028.2930565,1.0
2025-02-05,29.26976515935678,29.28929831635493,28.32242939835888,28.810747146606445,33812108,974152094.081749,1.0
2025-02-06,28.537289481461308,28.97677621454321,28.4005611035178,28.82051467895508,27390446,789406751.0061264,1.0
2025-02-07,28.927945440043253,30.754252851988003,28.72285100852269,30.041309356689453,55325271,1662043581.3536797,1.0
2025-02-10,30.66635457575509,30.83238268661083,29.592055144499383,29.914344787597656,45894687,1372909490.836876,1.0
2025-02-11,29.885046914542432,30.431962277391293,29.640888037565425,29.914344787597656,29406659,879680936.3773117,1.0
2025-02-12,30.56868913787618,32.90284729003906,30.56868913787618,32.90284729003906,74403793,2448096638.8786774,1.0
2025-02-13,33.01027949806256,33.098176842999095,31.07654163502759,31.525793075561523,60173748,1897025128.028984,1.0
2025-02-14,31.642990785876343,34.68032397459213,31.398831917854366,34.04551315307617,71664720,2439862167.371521,1.0
2025-02-17,35.13934358492421,37.3953728503619,34.24084074536411,34.4752311706543,78260157,2698037004.026699,1.0
2025-02-18,33.94785012820315,34.572900010591624,32.40476789425113,32.580562591552734,57081492,1859747122.925217,1.0
2025-02-19,33.0102787023304,33.77205691527353,32.7661198306777,33.02981185913086,39891630,1317613033.6540604,1.0
2025-02-20,33.02981386005375,33.596264264876154,32.42430086483276,32.89308547973633,29907915,983763604.6156884,1.0
2025-02-21,34.533832558930406,36.18434524536133,34.05527951521769,36.18434524536133,71824784,2598932781.4295044,1.0
2025-02-24,36.184345066951806,37.81532831345541,35.84252412710584,36.49686813354492,64725457,2362276469.012432,1.0
2025-02-25,35.06121826781689,36.08668486578021,34.748695185115096,34.94401931762695,41243413,1441210620.5968666,1.0
2025-02-26,35.02215204684738,35.59836718069853,34.21154273754447,34.82682418823242,27134663,945014137.7079352,1.0
2025-02-27,34.76822458755524,34.81705934620959,32.94191712606698,33.44976806640625,34568037,1156292820.1609497,1.0
2025-02-28,33.059111286885,33.18607494927693,31.740654808158293,31.92621421813965,30204553,964317029.4411526,1.0
2025-03-03,32.01411184516389,32.36570123605188,31.27187047317618,31.496496200561523,25118994,791160299.0829277,1.0
2025-03-04,30.959346416892508,31.838316140686896,30.959346416892508,31.50625991821289,18713734,589599767.4442978,1.0
2025-03-05,31.64299193118305,31.93598183830036,31.262100953804868,31.74065399169922,21842692,693301329.0192566,1.0
2025-03-06,32.424301190806204,34.084582380428344,32.33640384178006,33.91855239868164,51849936,1758674771.0842896,1.0
2025-03-07,33.977151339914705,33.977151339914705,32.9614494839038,33.166542053222656,28207349,935540226.818428,1.0
2025-03-10,33.205606892116265,33.205606892116265,31.945746207073,32.40476608276367,19877765,644134325.0731468,1.0
2025-03-11,31.633222980827064,33.24467303239802,31.623458265160075,32.7954216003418,21830183,715930055.0976143,1.0
2025-03-12,32.91261589736462,33.48883097041787,32.50242706499637,32.66845703125,26393871,862247040.6518555,1.0
2025-03-13,32.287572234229785,32.60009530840956,31.359767727822177,31.67229080200196,24249097,768024451.8699532,1.0
2025-03-14,31.672290527696795,32.2289724816063,31.12537515261888,32.10200881958008,23019943,738986413.2122307,1.0
2025-03-17,31.9652797112088,32.131309684768155,31.603925616617907,31.721120834350582,14117072,447809346.7392273,1.0
2025-03-18,31.984813781443208,32.36570104412357,31.769952771492687,31.88715171813965,12531540,399595117.2419357,1.0
2025-03-19,31.740654169646284,31.828551514831133,31.154672489342083,31.46719741821289,15199422,478283212.7167282,1.0
2025-03-20,31.34999790860244,31.398832663821977,30.52962580631992,30.67612075805664,25325425,776885795.5491066,1.0
2025-03-21,30.5003275811193,30.65658911908053,29.64088912233252,29.67018699645996,25164853,746645894.2484264,1.0
2025-03-24,29.45532681308808,30.2561676327127,29.406495782734154,29.85574722290039,16437609,490757099.25287247,1.0
2025-03-25,29.85574758384229,29.94364492976953,29.133037521717384,29.25023460388184,15958928,466802388.02645874,1.0
2025-03-26,29.25023364946576,29.58228986484843,29.113503414271246,29.22093391418457,9308114,271991784.0596962,1.0
2025-03-27,29.308831215688087,29.601821116947093,29.25999832362201,29.33813095092773,9656652,283308120.9235382,1.0
2025-03-28,29.42602806245732,30.64682249002464,29.42602806245732,29.80691719055176,26718662,796400945.676342,1.0
2025-03-31,29.47486001408514,29.972944348128888,29.23070113638435,29.77761650085449,16064627,478366302.0352726,1.0
2025-04-01,29.29906534592423,29.29906534592423,27.951309159636853,27.990373611450195,43787748,1225635426.124031,1.0
2025-04-02,27.99037451735698,28.33219733001272,27.814579821546342,28.09780502319336,13809439,388014924.5016823,1.0
2025-04-03,27.80481243134172,28.09780420340587,27.63878431934068,27.795045852661133,11765118,327011994.27196884,1.0
2025-04-07,26.173830461862867,26.828176316548657,25.01163556663843,25.43158912658692,29879692,759888050.172966,1.0
2025-04-08,25.392523674646142,25.871074858826496,24.9530369428558,25.539018630981445,24304102,620702913.7872734,1.0
2025-04-09,25.285093470433665,26.66214942932129,24.982336975380534,26.66214942932129,26467604,705683212.8841019,1.0
2025-04-10,27.40439237962532,27.6094868090449,26.61331812394281,27.150466918945312,28153608,764383602.6529541,1.0
2025-04-11,26.93560795713533,26.97467427263756,26.271495495873,26.81841087341309,22641283,607203230.1952229,1.0
2025-04-14,26.857476321394188,27.043037588467087,26.60355086718506,26.67191505432129,15454424,412199084.1414642,1.0
2025-04-15,26.75981271155527,26.75981271155527,26.027336076041248,26.164066314697266,14504825,379505203.1830788,1.0
2025-04-16,26.134767579906068,26.134767579906068,25.54878587648881,26.05663681030273,14152855,368775802.5638771,1.0
2025-04-17,25.78317724164964,26.076169014027183,25.7245796322879,26.0468692779541,9677391,252065738.32864952,1.0
2025-04-18,25.95897188810545,26.222663923958752,25.783177197536578,26.164066314697266,8324679,217807453.4045677,1.0
2025-04-21,26.27149567787009,26.65238480551768,26.007803634756645,26.54495429992676,11909805,316145229.4460392,1.0
2025-04-22,26.388692035853307,26.476589381137742,26.037102654715564,26.08593368530273,10788187,281419930.66664505,1.0
2025-04-23,26.320328760073764,26.41799082463268,26.125000905386987,26.232431411743164,11216030,294223737.6870537,1.0
2025-04-24,26.39845875094562,26.39845875094562,25.86130809778889,25.871074676513672,10183451,263456821.28561783,1.0
2025-04-25,25.861308052906416,26.23243059266653,25.85154147419858,25.968738555908203,9132541,237160569.5801125,1.0
2025-04-28,25.54878539456016,25.626916162689707,25.05070104919012,25.20696258544922,18017675,454170859.60178375,1.0
2025-04-29,25.079999836733258,25.255794524068627,24.8553741197089,25.197195053100582,9790368,246689812.13763428,1.0
2025-04-30,25.333925712106407,26.5449535238943,25.197195473683102,26.183597564697266,21268072,556874638.2250061,1.0
2025-05-06,26.36915955774963,26.6914492111663,26.07616964111064,26.64261817932129,16943306,451414032.4534035,1.0
2025-05-07,27.199299164303003,27.199299164303003,26.30079442593502,26.57425117492676,16242032,431619837.959198,1.0
2025-05-08,26.54495420797757,26.720748902777604,26.398459249905702,26.66214942932129,11089619,295673078.8922405,1.0
2025-05-09,26.613317711713744,26.613317711713744,26.08593364090473,26.183597564697266,11270820,295110615.10414124,1.0
2025-05-12,26.271494777539274,26.49612049718188,26.26172819893076,26.457056045532227,9131822,241601126.4518242,1.0
2025-05-13,26.80864546915684,26.80864546915684,26.339859009085835,26.39845848083496,8768698,231480110.08398056,1.0
2025-05-14,26.427757216465054,26.642618227655607,26.281262257879792,26.50588798522949,8929787,236691933.9539585,1.0
2025-05-15,26.466822712772345,26.916074153562,26.22266383509508,26.30079460144043,13741976,361424888.193924,1.0
2025-05-16,26.183597744467075,26.21289748064132,25.763644173225,25.890607833862305,14123908,365676563.1095505,1.0
2025-05-19,25.890608015930702,25.900374594724138,25.353457358998707,25.57808494567871,11417337,292033615.63944054,1.0
2025-05-20,25.60738281927456,25.66598229203514,25.44135470535513,25.57808494567871,8796248,224991178.54725647,1.0
2025-05-21,25.665981333851864,25.665981333851864,25.45112033398665,25.52925109863281,6752617,172389254.9658966,1.0
2025-05-22,25.47065361953325,25.568317541530487,25.25579448136685,25.29485893249512,10322072,261095355.1310577,1.0
2025-05-23,25.246028076944366,25.372989872467027,24.99210262311466,25.00186920166016,11143672,278612629.77020264,1.0
2025-05-26,25.001870063918048,25.138598442701653,24.82607536960516,25.109298706054688,11018030,276655006.4222717,1.0
2025-05-27,25.07023439255492,25.07023439255492,24.83584208643068,24.894439697265625,7388514,183932916.22540283,1.0
2025-05-28,24.953036619875054,24.96280319854225,24.396354675335683,24.454954147338867,13858847,338917467.9199848,1.0
2025-05-29,24.454953758285267,25.187430381612405,24.454953758285267,25.177663803100582,13048467,328529915.2718525,1.0
2025-05-30,24.98233631045303,25.011636046401343,24.43542094557527,24.4940185546875,15235939,373189372.5640869,1.0
2025-06-03,24.386588955773554,24.601449968452325,24.32799134449047,24.54285049438477,8208015,201448085.0006676,1.0
2025-06-04,24.611216499586988,24.77724461688648,24.54285044664116,24.640514373779297,9354375,230496611.6452217,1.0
2025-06-05,24.728410547816072,25.10929779650729,24.68934609648629,25.07999992370605,17589335,441140520.4580402,1.0
2025-06-06,25.200000762939453,25.209999084472656,24.920000076293945,25.020000457763672,11596644,290148038.18852234,1.0
2025-06-09,25.049999237060547,25.26000022888184,25.020000457763672,25.190000534057617,10992427,276899242.0005894,1.0
2025-06-10,25.209999084472656,25.26000022888184,24.63999938964844,24.780000686645508,14677347,363704668.7381344,1.0
2025-06-11,24.790000915527344,24.90999984741211,24.63999938964844,24.76000022888184,9363455,231839147.9431248,1.0
2025-06-12,24.729999542236328,24.729999542236328,24.39999961853028,24.46999931335449,14589810,357012640.6819725,1.0
2025-06-13,24.38999938964844,24.420000076293945,23.8799991607666,24.0,16166506,387996144.0,1.0
2025-06-16,23.799999237060547,24.0,23.690000534057617,23.799999237060547,12121630,288494784.75193024,1.0
2025-06-17,23.799999237060547,23.93000030517578,23.700000762939453,23.920000076293945,11051226,264345326.76314163,1.0
2025-06-18,23.8700008392334,23.8799991607666,23.559999465942383,23.670000076293945,10777760,255109580.02227783,1.0
2025-06-19,23.64999961853028,23.75,23.26000022888184,23.280000686645508,10470435,243751733.9894772,1.0
2025-06-20,23.25,23.34000015258789,22.65999984741211,22.89999961853028,18330099,419759260.10762215,1.0
2025-06-23,22.600000381469727,22.989999771118164,22.530000686645508,22.90999984741211,12532399,287117259.1777077,1.0
2025-06-24,22.979999542236328,23.36000061035156,22.93000030517578,23.31999969482422,17102290,398825397.5807953,1.0
2025-06-25,23.31999969482422,23.690000534057617,23.229999542236328,23.65999984741211,17986204,425553583.8955231,1.0
2025-06-26,23.670000076293945,23.86000061035156,23.51000022888184,23.520000457763672,17220454,405025085.9628983,1.0
2025-06-27,23.520000457763672,23.729999542236328,23.38999938964844,23.39999961853028,15242665,356678355.18538475,1.0
2025-06-30,23.549999237060547,23.6299991607666,23.450000762939453,23.6200008392334,13161395,310872160.94548225,1.0
2025-07-01,23.6299991607666,23.65999984741211,23.31999969482422,23.39999961853028,13253819,310139359.5440693,1.0
2025-07-02,23.350000381469727,23.350000381469727,22.90999984741211,22.979999542236328,18001116,413665637.43974304,1.0
2025-07-03,22.96999931335449,23.31999969482422,22.959999084472656,23.1299991607666,13533233,313023667.9324589,1.0
2025-07-04,23.209999084472656,24.049999237060547,23.059999465942383,23.56999969482422,38568216,909052839.3499146,1.0
2025-07-07,23.5,23.56999969482422,23.309999465942383,23.450000762939453,12269125,287710990.6105995,1.0
2025-07-08,23.440000534057617,23.82999992370605,23.350000381469727,23.809999465942383,18586789,442551436.16358376,1.0
2025-07-09,23.82999992370605,23.850000381469727,23.530000686645508,23.56999969482422,15145325,356975305.6280136,1.0
2025-07-10,23.6299991607666,23.6299991607666,23.350000381469727,23.420000076293945,14970664,350612952.022171,1.0
2025-07-11,23.459999084472656,23.979999542236328,23.3799991607666,23.850000381469727,25712448,613241894.6085205,1.0
2025-07-14,24.049999237060547,24.059999465942383,23.700000762939453,23.76000022888184,17597250,418110664.0276909,1.0
2025-07-15,23.690000534057617,24.38999938964844,23.670000076293945,24.3799991607666,35206867,858343387.9132214,1.0
2025-07-16,24.489999771118164,24.56999969482422,24.270000457763672,24.39999961853028,25787797,629222236.9627361,1.0
2025-07-17,24.229999542236328,24.450000762939453,24.14999961853028,24.420000076293945,17627900,430473319.3449021,1.0
2025-07-18,24.450000762939453,24.68000030517578,24.3700008392334,24.489999771118164,17911561,438654124.790369,1.0
2025-07-21,24.43000030517578,24.549999237060547,24.32999992370605,24.549999237060547,14990022,368005028.6635208,1.0
2025-07-22,24.559999465942383,25.350000381469727,24.280000686645508,24.940000534057617,35059738,874389884.4439201,1.0
2025-07-23,24.96999931335449,25.239999771118164,24.739999771118164,24.809999465942383,26211797,650314669.5713902,1.0
2025-07-24,24.780000686645508,25.270000457763672,24.780000686645508,25.1200008392334,19271091,484089822.0929432,1.0
2025-07-25,25.280000686645508,25.89999961853028,25.13999938964844,25.89999961853028,42081132,1089901302.747322,1.0
2025-07-28,26.26000022888184,26.290000915527344,25.549999237060547,25.600000381469727,31876613,816041304.9599628,1.0
2025-07-29,25.450000762939453,25.6299991607666,25.049999237060547,25.38999938964844,24333479,617827016.9580231,1.0
2025-07-30,25.38999938964844,25.440000534057617,24.739999771118164,24.86000061035156,23739902,590173978.2096863,1.0
2025-07-31,24.89999961853028,25.1299991607666,24.56999969482422,24.739999771118164,20030937,495565376.7952824,1.0
2025-08-01,24.88999938964844,24.88999938964844,24.38999938964844,24.75,18332400,453726900.0,1.0
2025-08-04,24.63999938964844,24.940000534057617,24.520000457763672,24.940000534057617,12967413,323407287.1453457,1.0
2025-08-05,24.93000030517578,24.940000534057617,24.700000762939453,24.850000381469727,12242003,304213779.21995354,1.0
2025-08-06,24.90999984741211,25.290000915527344,24.799999237060547,25.18000030517578,20150972,507401481.1095886,1.0
2025-08-07,25.280000686645508,25.280000686645508,24.86000061035156,24.8700008392334,19944860,496028684.93839264,1.0
2025-08-08,24.8799991607666,24.920000076293945,24.440000534057617,24.440000534057617,17099773,417918461.252264,1.0
2025-08-11,24.440000534057617,24.76000022888184,24.440000534057617,24.670000076293945,13250383,326886949.620924,1.0
2025-08-12,24.670000076293945,24.700000762939453,24.46999931335449,24.61000061035156,11585571,285120909.38127136,1.0
2025-08-13,24.6299991607666,24.86000061035156,24.59000015258789,24.71999931335449,17735192,438413934.0622101,1.0
2025-08-14,24.739999771118164,24.850000381469727,24.36000061035156,24.3799991607666,19490170,475170328.2431984,1.0
2025-08-15,24.350000381469727,24.57999992370605,24.239999771118164,24.489999771118164,18902608,462924865.5935364,1.0
2025-08-18,24.5,25.39999961853028,24.479999542236328,25.36000061035156,42471774,1077084214.5627136,1.0
2025-08-19,24.799999237060547,25.07999992370605,24.600000381469727,24.950000762939453,40544251,1011579093.3828088,1.0
2025-08-20,24.8799991607666,25.290000915527344,24.64999961853028,25.290000915527344,32993011,834393278.3960037,1.0
2025-08-21,25.3700008392334,25.46999931335449,24.96999931335449,25.059999465942383,29323129,734837597.0797596,1.0
2025-08-22,25.200000762939453,25.809999465942383,25.100000381469727,25.809999465942383,47589073,1228273948.714693,1.0
2025-08-25,26.07999992370605,26.25,25.549999237060547,25.799999237060547,46981997,1212135486.755581,1.0
2025-08-26,25.850000381469727,26.15999984741211,25.799999237060547,25.81999969482422,32020708,826774670.7880554,1.0
2025-08-27,26.049999237060547,26.68000030517578,25.6299991607666,25.63999938964844,59567024,1527298459.0031738,1.0
2025-08-28,25.559999465942383,25.89999961853028,25.0,25.88999938964844,45466293,1177122298.019577,1.0
2025-08-29,25.89999961853028,25.950000762939453,25.309999465942383,25.31999969482422,28589139,723876990.7552872,1.0
2025-09-01,25.68000030517578,26.5,25.5,25.6299991607666,36383533,932509920.255724,1.0
2025-09-02,25.5,25.57999992370605,24.61000061035156,24.709999084472656,34417369,850453156.4799576,1.0
2025-09-03,24.770000457763672,24.799999237060547,23.739999771118164,23.81999969482422,27792319,662013030.0984573,1.0
2025-09-04,23.850000381469727,23.989999771118164,23.190000534057617,23.459999084472656,27630842,648219528.0232086,1.0
2025-09-05,23.450000762939453,23.690000534057617,23.25,23.64999961853028,19399406,458795944.4997139,1.0
2025-09-08,23.64999961853028,24.020000457763672,23.5,24.01000022888184,18029833,432896294.4567013,1.0
2025-09-09,23.950000762939453,23.959999084472656,23.43000030517578,23.520000457763672,17658483,415327528.243412,1.0
2025-09-10,23.530000686645508,23.6200008392334,23.239999771118164,23.309999465942383,18133518,422692294.8956566,1.0
2025-09-11,23.420000076293945,23.770000457763672,23.209999084472656,23.739999771118164,20482644,486257963.8718949,1.0
2025-09-12,23.790000915527344,24.56999969482422,23.790000915527344,24.020000457763672,29512630,708893386.1098099,1.0
2025-09-15,23.90999984741211,23.979999542236328,23.61000061035156,23.65999984741211,18041467,426861106.4670906,1.0
2025-09-16,23.63999938964844,23.82999992370605,23.520000457763672,23.770000457763672,16112450,382992943.8756943,1.0
2025-09-17,23.809999465942383,23.809999465942383,23.520000457763672,23.71999931335449,15196415,360458953.3654499,1.0
2025-09-18,23.6299991607666,24.13999938964844,23.3700008392334,23.459999084472656,31255355,733250599.6848679,1.0
2025-09-19,23.40999984741211,23.6299991607666,23.239999771118164,23.239999771118164,20240334,470385357.5273552,1.0
2025-09-22,23.26000022888184,23.32999992370605,22.950000762939453,23.09000015258789,17461674,403190055.32444,1.0
2025-09-23,23.100000381469727,23.15999984741211,22.350000381469727,22.65999984741211,24769515,561277206.120472,1.0
2025-09-24,22.549999237060547,23.38999938964844,22.479999542236328,23.36000061035156,22539293,526517898.2368927,1.0
2025-09-25,23.3700008392334,24.020000457763672,23.290000915527344,23.76000022888184,28670831,681218951.1222324,1.0
2025-09-26,23.700000762939453,23.700000762939453,22.940000534057617,22.959999084472656,26936113,618453129.819252,1.0
2025-09-29,22.96999931335449,23.200000762939453,22.790000915527344,23.040000915527344,15959057,367696687.89095306,1.0
2025-09-30,23.100000381469727,23.270000457763672,23.030000686645508,23.21999931335449,16017594,371928521.68159103,1.0
2025-10-09,23.21999931335449,24.14999961853028,23.14999961853028,23.96999931335449,34723927,832332506.3469715,1.0
2025-10-10,23.799999237060547,23.799999237060547,23.440000534057617,23.5,20221770,475211595.0,1.0
2025-10-13,23.100000381469727,24.3799991607666,22.959999084472656,23.90999984741211,37499136,896604336.0380859,1.0
2025-10-14,23.84000015258789,23.8700008392334,23.36000061035156,23.450000762939453,25189161,590685844.6678047,1.0
2025-10-15,23.450000762939453,23.76000022888184,23.209999084472656,23.559999465942383,15769253,371523592.2583103,1.0
2025-10-16,23.489999771118164,23.489999771118164,23.100000381469727,23.21999931335449,15105731,350755063.44771767,1.0
2025-10-17,23.14999961853028,23.280000686645508,22.780000686645508,22.799999237060547,15051286,343169309.3167801,1.0
2025-10-20,23.0,23.100000381469727,22.64999961853028,22.739999771118164,10209068,232154203.98332977,1.0
2025-10-21,22.799999237060547,22.88999938964844,22.68000030517578,22.82999992370605,9849641,224867303.27853203,1.0
2025-10-22,22.790000915527344,22.799999237060547,22.6200008392334,22.670000076293945,8495750,192598653.1481743,1.0
2025-10-23,22.739999771118164,22.950000762939453,22.5,22.93000030517578,10007294,229467254.47398376,1.0
2025-10-24,22.959999084472656,23.15999984741211,22.549999237060547,22.8700008392334,11507920,263186140.0578308,1.0
2025-10-27,22.88999938964844,23.040000915527344,22.809999465942383,22.90999984741211,11306221,259025521.3848076,1.0
2025-10-28,22.86000061035156,23.040000915527344,22.700000762939453,22.81999969482422,14424977,329177970.7378464,1.0
2025-10-29,22.790000915527344,22.790000915527344,22.600000381469727,22.709999084472656,11696832,265635044.01123047,1.0
2025-10-30,22.700000762939453,23.07999992370605,22.530000686645508,22.82999992370605,16539048,377586464.5781708,1.0
2025-10-31,22.739999771118164,23.14999961853028,22.709999084472656,22.989999771118164,16839780,387146538.3456802,1.0
2025-11-03,23.040000915527344,23.299999237060547,22.979999542236328,23.299999237060547,16040791,373750418.0618477,1.0
2025-11-04,23.209999084472656,23.299999237060547,22.96999931335449,23.06999969482422,12576617,290142550.3519211,1.0
2025-11-05,22.93000030517578,23.100000381469727,22.770000457763672,23.030000686645508,10649799,245264878.28263664,1.0
2025-11-06,23.0,23.0,22.709999084472656,22.8700008392334,11634287,266076153.45388225,1.0
2025-11-07,22.790000915527344,22.86000061035156,22.739999771118164,22.799999237060547,7811048,178091888.4406433,1.0
2025-11-10,22.84000015258789,23.09000015258789,22.780000686645508,23.0,9502738,218562974.0,1.0
2025-11-11,23.100000381469727,23.100000381469727,22.81999969482422,22.89999961853028,8130347,186184943.19851875,1.0
2025-11-12,22.8799991607666,22.89999961853028,22.700000762939453,22.790000915527344,8697723,198221115.13300323,1.0
2025-11-13,22.75,22.8799991607666,22.700000762939453,22.850000381469727,7708616,176141878.54060364,1.0
2025-11-14,22.75,22.89999961853028,22.709999084472656,22.729999542236328,7345728,166968394.07739258,1.0
2025-11-17,22.709999084472656,23.0,22.65999984741211,22.8700008392334,10583904,242053893.3623657,1.0
2025-11-18,22.82999992370605,23.040000915527344,22.76000022888184,23.0,12291072,282694656.0,1.0
2025-11-19,23.0,23.040000915527344,22.61000061035156,22.670000076293945,12403317,281183197.336298,1.0
2025-11-20,22.65999984741211,22.739999771118164,22.51000022888184,22.549999237060547,8061376,181784022.6496582,1.0
2025-11-21,22.350000381469727,22.600000381469727,22.0,22.020000457763672,14500149,319293287.61764145,1.0
2025-11-24,22.100000381469727,22.290000915527344,21.90999984741211,22.229999542236328,9997823,222251600.71335983,1.0
2025-11-25,22.190000534057617,22.36000061035156,22.1299991607666,22.13999938964844,9356400,207150690.28930664,1.0
2025-11-26,22.100000381469727,22.14999961853028,21.799999237060547,21.799999237060547,12656795,275918121.34363174,1.0
2025-11-27,21.75,21.76000022888184,21.299999237060547,21.309999465942383,17382197,370414608.7869053,1.0
2025-11-28,21.26000022888184,21.3700008392334,21.18000030517578,21.350000381469727,7340350,156716475.3001213,1.0
2025-12-01,21.34000015258789,21.450000762939453,21.21999931335449,21.43000030517578,8058621,172696250.48929596,1.0
2025-12-02,21.43000030517578,21.46999931335449,21.18000030517578,21.200000762939453,6966842,147697055.71527863,1.0
2025-12-03,21.200000762939453,21.229999542236328,20.780000686645508,20.799999237060547,11432853,237803333.67742532,1.0
2025-12-04,20.729999542236328,20.950000762939453,20.40999984741211,20.950000762939453,12046033,252364400.54039383,1.0
2025-12-05,20.959999084472656,20.979999542236328,20.709999084472656,20.920000076293945,7035243,147177284.09674644,1.0
2025-12-08,20.979999542236328,21.06999969482422,20.920000076293945,20.989999771118164,7101496,149060399.41459656,1.0
2025-12-09,20.950000762939453,21.1299991607666,20.799999237060547,20.799999237060547,6564203,136535417.39191055,1.0
2025-12-10,20.770000457763672,20.780000686645508,20.51000022888184,20.68000030517578,7703698,159312476.99098206,1.0
2025-12-11,20.739999771118164,20.739999771118164,20.31999969482422,20.31999969482422,10523429,213836074.0685044,1.0
2025-12-12,20.299999237060547,20.450000762939453,20.14999961853028,20.170000076293945,15769539,318071602.83312035,1.0
2025-12-15,20.1200008392334,20.15999984741211,19.809999465942383,20.01000022888184,13080463,261740067.6238804,1.0
2025-12-16,19.959999084472656,20.100000381469727,19.86000061035156,20.030000686645508,8503051,170316117.36858177,1.0
2025-12-17,19.8799991607666,20.100000381469727,19.61000061035156,20.030000686645508,13916189,278741275.22548866,1.0
2025-12-18,19.8799991607666,20.18000030517578,19.84000015258789,20.09000015258789,9606562,192995832.04584503,1.0
2025-12-19,20.1299991607666,20.479999542236328,20.1299991607666,20.15999984741211,11137764,224537320.54051208,1.0
2025-12-22,20.239999771118164,20.520000457763672,20.209999084472656,20.3799991607666,10273946,209383010.85776132,1.0
2025-12-23,20.3799991607666,20.38999938964844,20.0,20.020000457763672,9209857,184381341.355938,1.0
2025-12-24,20.01000022888184,20.1200008392334,19.920000076293945,20.06999969482422,5948115,119378666.23477936,1.0
2025-12-25,20.100000381469727,20.350000381469727,20.049999237060547,20.34000015258789,8842076,179847827.18919373,1.0
2025-12-26,20.350000381469727,21.049999237060547,20.26000022888184,20.700000762939453,18000152,372603160.1330261,1.0
2025-12-29,20.63999938964844,20.700000762939453,20.450000762939453,20.520000457763672,9957848,204335045.51834103,1.0
2025-12-30,20.450000762939453,20.6299991607666,20.420000076293945,20.43000030517578,7359387,150352278.65590668,1.0
2025-12-31,20.39999961853028,20.82999992370605,20.38999938964844,20.709999084472656,12535473,259609634.3534317,1.0
2026-01-05,20.709999084472656,20.920000076293945,20.63999938964844,20.8700008392334,12224258,255120274.7190056,1.0
2026-01-06,20.81999969482422,21.0,20.709999084472656,21.0,16196829,340133409.0,1.0
2026-01-07,21.0,21.030000686645508,20.729999542236328,20.780000686645508,11882566,246919729.63911057,1.0
2026-01-08,21.61000061035156,22.86000061035156,21.600000381469727,22.86000061035156,46774470,1069264412.7488708,1.0
2026-01-09,23.229999542236328,24.170000076293945,22.850000381469727,23.729999542236328,92724071,2200342162.384289,1.0
2026-01-12,23.89999961853028,25.15999984741211,23.89999961853028,24.940000534057617,81401144,2030144574.832901,1.0
2026-01-13,24.93000030517578,24.93000030517578,23.709999084472656,23.799999237060547,66575324,1584492660.4070587,1.0
2026-01-14,25.0,26.07999992370605,24.440000534057617,24.96999931335449,98468958,2458769813.6467323,1.0
2026-01-15,24.420000076293945,25.280000686645508,24.350000381469727,24.65999984741211,49810381,1228323987.859539,1.0
2026-01-16,24.6200008392334,24.90999984741211,23.809999465942383,23.88999938964844,43448699,1037989392.5910188,1.0
2026-01-19,23.88999938964844,23.88999938964844,23.31999969482422,23.5,32850293,771981885.5,1.0
2026-01-20,23.790000915527344,23.86000061035156,23.25,23.43000030517578,22364837,524008137.7352066,1.0
2026-01-21,23.280000686645508,23.8799991607666,23.14999961853028,23.540000915527344,29068318,684268232.33284,1.0
2026-01-22,23.65999984741211,23.8799991607666,23.39999961853028,23.51000022888184,22376169,526063738.3114986,1.0
2026-01-23,23.700000762939453,23.989999771118164,23.600000381469727,23.86000061035156,27664470,660074271.0850525,1.0
2026-01-26,23.950000762939453,24.3799991607666,23.600000381469727,23.950000762939453,29703349,711395231.2118568,1.0
2026-01-27,24.049999237060547,24.200000762939453,23.5,23.51000022888184,21184483,498047200.17874336,1.0
2026-01-28,23.8799991607666,24.440000534057617,23.71999931335449,23.940000534057617,36074798,863630683.3860207,1.0
2026-01-29,23.790000915527344,24.450000762939453,23.350000381469727,23.64999961853028,35753480,845569788.3611298,1.0
2026-01-30,23.530000686645508,23.6299991607666,22.86000061035156,22.86000061035156,28214765,644989545.1209259,1.0
2026-02-02,22.979999542236328,23.290000915527344,22.6200008392334,22.6299991607666,18754048,424404090.50097656,1.0
2026-02-03,22.850000381469727,23.14999961853028,22.700000762939453,23.13999938964844,15499933,358668440.1595917,1.0
2026-02-04,23.0,23.040000915527344,22.39999961853028,22.68000030517578,18837852,427242489.1088562,1.0
2026-02-05,22.450000762939453,22.64999961853028,22.38999938964844,22.39999961853028,12789897,286493687.9210415,1.0
2026-02-06,22.239999771118164,22.43000030517578,22.0,22.18000030517578,13520058,299874890.56599426,1.0
2026-02-09,22.59000015258789,23.3700008392334,22.489999771118164,23.15999984741211,25415834,588630711.5618515,1.0
2026-02-10,23.200000762939453,23.450000762939453,22.93000030517578,23.21999931335449,20578162,477824907.5100975,1.0
2026-02-11,23.21999931335449,23.64999961853028,23.1200008392334,23.350000381469727,19889568,464421420.38726807,1.0
2026-02-12,23.600000381469727,24.450000762939453,23.559999465942383,24.239999771118164,41162522,997779523.8586464,1.0
2026-02-13,23.850000381469727,24.450000762939453,23.799999237060547,23.90999984741211,23858832,570464669.4794312,1.0
2026-02-24,24.229999542236328,24.489999771118164,23.559999465942383,24.1200008392334,31415021,757730332.8845348,1.0
2026-02-25,24.1200008392334,24.1299991607666,23.46999931335449,23.5,27460057,645311339.5,1.0
2026-02-26,23.540000915527344,24.299999237060547,23.26000022888184,24.18000030517578,37237964,900413980.8841248,1.0
2026-02-27,24.0,24.530000686645508,23.770000457763672,24.18000030517578,28354683,685616243.5931625,1.0
2026-03-02,23.709999084472656,24.280000686645508,23.51000022888184,23.799999237060547,30772325,732381311.5225792,1.0
2026-03-03,23.76000022888184,23.8799991607666,22.31999969482422,22.39999961853028,33580863,752211318.3899174,1.0
2026-03-04,22.209999084472656,22.89999961853028,22.1299991607666,22.450000762939453,17667888,396644099.0795288,1.0
2026-03-05,22.799999237060547,23.290000915527344,22.530000686645508,22.6200008392334,16174638,365870325.1342964,1.0
2026-03-06,22.56999969482422,23.200000762939453,22.479999542236328,23.100000381469727,17878287,412988436.52002525,1.0
2026-03-09,22.89999961853028,24.18000030517578,22.75,24.020000457763672,39015594,937154585.7399216,1.0
2026-03-10,24.21999931335449,24.6299991607666,23.8700008392334,24.11000061035156,30313508,730858696.381897,1.0
2026-03-11,24.09000015258789,24.18000030517578,23.89999961853028,24.0,19635879,471261096.0,1.0
2026-03-12,23.90999984741211,24.200000762939453,23.729999542236328,23.799999237060547,16693646,397308762.0637589,1.0
2026-03-13,23.65999984741211,23.65999984741211,22.6299991607666,22.700000762939453,28808403,653950770.0790672,1.0
2026-03-16,22.709999084472656,22.76000022888184,22.25,22.38999938964844,17608073,394244743.72288513,1.0
2026-03-17,22.520000457763672,22.59000015258789,21.68000030517578,21.68000030517578,22163182,480497792.5236664,1.0
2026-03-18,21.709999084472656,23.280000686645508,21.709999084472656,23.1299991607666,36129210,835668596.9791603,1.0
2026-03-19,22.578919914344848,22.87601210910318,22.311539394572677,22.410568237304688,21926489,491385077.9390106,1.0
2026-03-20,22.430373352631065,22.519500816575416,21.47968292236328,21.47968292236328,24515585,526586992.4562454,1.0
2026-03-23,20.984532156433247,21.19249498936736,20.25170777694236,20.350736618041992,22600909,459945146.3873348,1.0
2026-03-24,20.657731552864902,20.776566914752472,20.142773281074724,20.4893798828125,14977012,306869688.3774414,1.0
2026-03-25,20.598312685355918,21.58861621616829,20.598312685355918,21.380653381347656,23008992,491947282.6062012,1.0
2026-03-26,21.5,21.6299991607666,21.059999465942383,21.13999938964844,11912519,251830644.38917544,1.0
2026-03-27,20.73695593964305,22.22241119829376,20.618118687855212,21.88570785522461,24116339,527803149.8915596,1.0
2026-03-30,21.499488581583805,23.896023183233115,21.440070899072158,23.579126358032227,51953790,1225024979.188671,1.0
2026-03-31,23.5890299519815,23.5890299519815,22.757174829692385,22.77698135375977,26499830,603586133.7878036,1.0
2026-04-01,23.20281232075101,23.252326742372272,22.826495916554684,22.955236434936523,15304225,351312103.3284664,1.0
2026-04-02,23.049999237060547,23.1299991607666,22.700000762939453,22.780000686645508,13435951,306070973.0057354,1.0
2026-04-03,22.850000381469727,22.989999771118164,22.25,22.489999771118164,15949238,358698358.9695091,1.0
2026-04-07,22.281828955564293,22.370956422494874,21.499488276696763,21.57871437072754,18838230,406504784.42007065,1.0
2026-04-08,22.014446224986187,22.816593415344887,22.014446224986187,22.747270584106445,24054536,547175039.1671295,1.0
2026-04-09,22.46008495528177,22.7571752665796,22.222412328472675,22.519502639770508,15529719,349721548.0153942,1.0
2026-04-10,22.74727045710626,22.75717371865646,22.19270103227304,22.20260429382324,15983598,354877501.5855446,1.0
2026-04-13,21.984739484909195,22.559115466248414,21.885708752501586,22.222412109375,15293051,339848481.73168945,1.0
2026-04-14,22.460083728203188,22.925525694168723,22.36105300022962,22.55911445617676,20646772,465772892.6985855,1.0
2026-04-15,22.72746682980028,22.786884512879983,22.17289549154277,22.23231506347656,12095717,268915791.26264954,1.0
2026-04-16,22.361053216822285,23.420677672038888,22.281829011446856,23.222618103027344,36769874,853892741.5984344,1.0
2026-04-17,23.093876827416747,23.32164617425541,22.65814276778983,22.697755813598636,17318459,393090153.4498196,1.0
2026-04-20,22.60862953455435,22.93542962419229,22.47989090663508,22.598726272583008,15317787,346162475.51473045,1.0
2026-04-21,22.47989115648479,22.529405578037736,21.76687139745609,22.103574752807617,20411488,451166850.8240357,1.0
2026-04-22,21.984738472854744,23.04436291647256,21.855997959995104,22.925525665283203,30347982,695743440.2305527,1.0
2026-04-23,22.77698062209236,23.371163103048183,22.77698062209236,23.044363021850582,27736819,639177326.1073627,1.0
2026-04-24,22.87601212657548,23.044363803744226,22.35115057096608,22.83639907836914,18472612,421847939.6518707,1.0
2026-04-27,22.67795097640871,22.994847811019014,22.311539719710844,22.40066719055176,17361231,388903157.6492901,1.0
2026-04-28,22.331343783198463,22.925526277299397,22.182798631886754,22.479890823364254,17462935,392564872.2555065,1.0
2026-04-29,22.38085956650629,22.945332261527664,22.32144188514984,22.618532180786133,16151262,365317839.3073082,1.0
2026-04-30,22.65814449272118,22.80669153695888,22.29173323536532,22.460084915161133,14817037,332791909.2110844,1.0
2026-05-06,22.628435727235228,23.93563606665066,22.628435727235228,23.767284393310547,54177983,1287663529.816944,1.0
2026-05-07,23.866315741249597,23.915830162810604,23.539515647926248,23.747478485107425,22834153,542253557.0931511,1.0
2026-05-08,23.76728528810446,24.35156453587869,23.470194977544807,24.103988647460938,36132134,870928547.7445374,1.0
2026-05-11,24.37137095965142,24.52981937647624,23.866315922702,23.985151290893555,27264360,653939799.4493866,1.0
2026-05-12,23.905926359332632,23.905926359332632,23.272132711205444,23.46029090881348,22712536,532842701.8368988,1.0
2026-05-13,23.2919393007942,24.252533037560355,23.05426668207435,23.945539474487305,35668078,854091369.7280922,1.0
2026-05-14,24.321852938012583,24.599138592378264,23.48999786376953,23.48999786376953,26163183,614573112.7794113,1.0
2026-05-15,23.700000762939453,23.93000030517578,23.0,23.13999938964844,26362722,610033370.9894714,1.0
2026-05-18,23.190000534057617,24.07999992370605,23.190000534057617,23.729999542236328,27636537,655815010.3589973,1.0
2026-05-19,23.68000030517578,24.46999931335449,23.600000381469727,24.21999931335449,31843450,771248337.1348381,1.0
2026-05-20,24.21999931335449,25.0,23.8799991607666,23.90999984741211,35402329,846469680.9880333,1.0
2026-05-21,23.96999931335449,24.459999084472656,22.51000022888184,22.549999237060547,42427154,956732290.3306504,1.0
2026-05-22,22.709999084472656,23.040000915527344,22.18000030517578,22.84000015258789,28297400,646312620.3178406,1.0
2026-05-25,22.850000381469727,22.920000076293945,21.809999465942383,22.01000022888184,35956472,791401956.9497833,1.0
2026-05-26,21.81999969482422,21.81999969482422,20.850000381469727,21.15999984741211,31400479,664434130.8486671,1.0
2026-05-27,21.020000457763672,21.149999618530277,20.68000030517578,20.82999992370605,17730002,369315940.3073082,1.0
2026-05-28,20.799999237060547,21.07999992370605,20.40999984741211,20.959999084472656,17817877,373462685.6072464,1.0
2026-05-29,20.96999931335449,21.149999618530277,20.149999618530277,20.149999618530277,20955269,422248662.35619926,1.0
2026-06-01,20.18000030517578,20.700000762939453,20.18000030517578,20.459999084472656,15452338,316154821.33296204,1.0
2026-06-02,20.600000381469727,20.8799991607666,20.209999084472656,20.84000015258789,16743774,348940252.7148972,1.0
2026-06-03,20.61000061035156,20.799999237060547,20.0,20.26000022888184,22165138,449065700.9531975,1.0
2026-06-04,20.020000457763672,20.11000061035156,19.239999771118164,19.309999465942383,25817710,498539966.3118553,1.0
2026-06-05,19.309999465942383,19.489999771118164,18.989999771118164,19.31999969482422,14158764,273547316.15908813,1.0
2026-06-08,18.950000762939453,19.200000762939453,18.75,18.799999237060547,13533545,254430635.67472455,1.0
2026-06-09,18.8799991607666,19.270000457763672,18.6299991607666,18.950000762939453,14858044,281559945.135788,1.0
2026-06-10,19.020000457763672,19.239999771118164,18.959999084472656,19.01000022888184,11390103,216525860.6369877,1.0
2026-06-11,18.84000015258789,18.950000762939453,17.860000610351562,17.90999984741211,21524895,385510866.1655617,1.0
2026-06-12,18.1200008392334,18.229999542236328,17.729999542236328,17.93000030517578,22109569,396424578.917305,1.0
